work	source	n_chunks	ling_est	nb	na	post_median	crI_lo95	crI_hi95	title	category
SA_GV01_rv_hn06u	anchor	16	-1242	-1500.0	-1000.0	-1232	-1477	-973	Ṛgveda: Maṇḍala 6	GV01
SA_GV01_rv_hn10u	anchor	35	-1231	-1500.0	-1000.0	-1232	-1476	-980	Ṛgveda: Maṇḍala 10	GV01
SA_GV01_rv_hn08u	anchor	34	-1240	-1500.0	-1000.0	-1232	-1479	-981	Ṛgveda: Maṇḍala 8	GV01
SA_GV01_rv_hn05u	anchor	15	-1235	-1500.0	-1000.0	-1231	-1487	-981	Ṛgveda: Maṇḍala 5	GV01
SA_GV01_rv_hn01u	anchor	41	-1242	-1500.0	-1000.0	-1230	-1467	-974	Ṛgveda: Maṇḍala 1	GV01
SA_GV01_rv_04_u	anchor	12	-1232	-1500.0	-1000.0	-1229	-1478	-980	Ṛgveda 4	GV01
SA_GV01_rv_05_u	anchor	15	-1226	-1500.0	-1000.0	-1227	-1472	-973	Ṛgveda 5	GV01
SA_GV01_rv_hn03u	anchor	12	-1241	-1500.0	-1000.0	-1227	-1487	-978	Ṛgveda: Maṇḍala 3	GV01
SA_GV01_rv_hn04u	anchor	12	-1239	-1500.0	-1000.0	-1226	-1475	-976	Ṛgveda: Maṇḍala 4	GV01
SA_GV01_rv_hn07u	anchor	17	-1225	-1500.0	-1000.0	-1226	-1466	-975	Ṛgveda: Maṇḍala 7	GV01
SA_GV01_rv_hn09u	anchor	22	-1231	-1500.0	-1000.0	-1226	-1476	-972	Ṛgveda: Maṇḍala 9	GV01
SA_GV01_rv_09_u	anchor	22	-1183	-1500.0	-1000.0	-1224	-1475	-975	Ṛgveda 9	GV01
SA_GV01_rv_hn02u	anchor	9	-1214	-1500.0	-1000.0	-1224	-1481	-967	Ṛgveda: Maṇḍala 2	GV01
SA_GV01_rv_02_u	anchor	9	-1135	-1500.0	-1000.0	-1221	-1472	-962	Ṛgveda 2	GV01
SA_GV01_rv_08_u	anchor	34	-1175	-1500.0	-1000.0	-1221	-1472	-973	Ṛgveda 8	GV01
SA_GV01_rvh1-10u	anchor	211	-1201	-1500.0	-1000.0	-1220	-1464	-973	Ṛgveda	GV01
SA_GV01_rv_03_u	anchor	12	-1155	-1500.0	-1000.0	-1220	-1467	-958	Ṛgveda 3	GV01
SA_GV01_rv_06_u	anchor	16	-1184	-1500.0	-1000.0	-1220	-1469	-966	Ṛgveda 6	GV01
SA_GV01_rv_07_u	anchor	16	-1168	-1500.0	-1000.0	-1220	-1471	-969	Ṛgveda 7	GV01
SA_GV01_rv_01_u	anchor	40	-1172	-1500.0	-1000.0	-1218	-1463	-976	Ṛgveda 1	GV01
SA_GV01_rv_10_u	anchor	35	-1145	-1500.0	-1000.0	-1214	-1465	-970	Ṛgveda 10	GV01
SA_GV01_rvsb_07u	anchor	53	-553	-1500.0	-1000.0	-1134	-1382	-881		GV01
SA_GV00_samavedu	anchor	38	-998	-1200.0	-1000.0	-1090	-1202	-974	Sāmaveda-Saṃhitā	GV00
SA_GV01_rvsb_06u	anchor	61	-253	-1500.0	-1000.0	-1088	-1344	-848		GV01
SA_GV01_rvsb_09u	anchor	54	-96	-1500.0	-1000.0	-1071	-1317	-820		GV01
SA_GV01_rvsb_khilasu	anchor	18	127	-1500.0	-1000.0	-1062	-1309	-810		GV01
SA_GV01_rvsb_02u	anchor	47	91	-1500.0	-1000.0	-1044	-1289	-790		GV01
SA_GV01_rvsb_04u	anchor	55	133	-1500.0	-1000.0	-1044	-1299	-791		GV01
SA_GV01_rvsb_05u	anchor	63	146	-1500.0	-1000.0	-1036	-1285	-788		GV01
SA_GV01_rvsb_08u	anchor	100	142	-1500.0	-1000.0	-1035	-1285	-769		GV01
SA_GV01_rvsb_10u	anchor	171	143	-1500.0	-1000.0	-1027	-1278	-776		GV01
SA_GV00_sa_paippalAdasaMhitA	anchor	298	-1023	-1200.0	-800.0	-993	-1208	-785	Paippalāda-Saṃhitā	GV00
SA_GV00_avs___u	anchor	115	-1005	-1200.0	-800.0	-988	-1203	-774	Atharvaveda-Saṃhitā	GV00
SA_GV00_avs	anchor	60	-1002	-1200.0	-800.0	-984	-1194	-776	Atharvaveda-Saṃhitā	GV00
SA_GV00_maitrs_pu	anchor	124	-825	-1200.0	-800.0	-967	-1183	-760	Maitrāyaṇī-Saṃhitā	GV00
SA_GV01_rvsb_03u	anchor	94	683	-1500.0	-1000.0	-960	-1209	-708		GV01
SA_GV01_rvsb_01u	anchor	390	682	-1500.0	-1000.0	-953	-1199	-707		GV01
SA_GV_syajurvedu	anchor	22	-1004	-1200.0	-800.0	-943	-1156	-724	Śukla-Yajurveda	GV
SA_GV01_rvkhilau	anchor	15	-875	-1000.0	-500.0	-829	-1082	-582	The Khila Verses of the Ṛgveda	GV01
SA_GV02_pncvbr1u	anchor	47	-941	-900.0	-700.0	-798	-910	-683	Pañcaviṃśabrāhmaṇa	GV02
SA_GV02_gopbra_u	anchor	57	-856	-900.0	-700.0	-797	-911	-684	Gopathabrāhmaṇa	GV02
SA_GV02_gopthbru	anchor	8	-944	-900.0	-700.0	-797	-910	-681	Gopatha-Brāhmaṇa	GV02
SA_GV02_kausibru	anchor	94	-814	-900.0	-700.0	-795	-910	-677	Kauṣītaki-Brāhmaṇa [Śāṅkhāyana-Brāhmaṇa]	GV02
SA_GV06_avpray_u	anchor	14	-954	-1400.0	-300.0	-707	-1083	-337	Atharvaprāyaścittāni	GV06
SA_GV03_sb	anchor	111	-902	-800.0	-600.0	-705	-821	-593	Śatapatha-Brāhmaṇa	GV03
SA_GV03_sb_01_u	anchor	33	-898	-800.0	-600.0	-705	-816	-589	Śatapatha-Brāhmaṇa 1	GV03
SA_GV03_sb_07_u	anchor	18	-894	-800.0	-600.0	-705	-821	-583	Śatapatha-Brāhmaṇa 7	GV03
SA_GV03_sb_03_u	anchor	34	-881	-800.0	-600.0	-704	-822	-588		GV03
SA_GV03_sb_14_u	anchor	25	-813	-800.0	-600.0	-704	-822	-590	Śatapatha-Brāhmaṇa 14	GV03
SA_GV03_sb_02_u	anchor	23	-870	-800.0	-600.0	-704	-823	-590	Śatapatha-Brāhmaṇa 2	GV03
SA_GV03_sb_13_u	anchor	14	-847	-800.0	-600.0	-703	-819	-586	Śatapatha-Brāhmaṇa 13	GV03
SA_GV03_sb_04_u	anchor	27	-887	-800.0	-600.0	-703	-818	-586	Śatapatha-Brāhmaṇa 4	GV03
SA_GV03_sb_06_u	anchor	23	-892	-800.0	-600.0	-703	-818	-587	Śatapatha-Brāhmaṇa 6	GV03
SA_GV03_sb_09_u	anchor	17	-863	-800.0	-600.0	-702	-815	-586	Śatapatha-Brāhmaṇa 9	GV03
SA_GV03_sb_08_u	anchor	20	-853	-800.0	-600.0	-701	-819	-588	Śatapatha-Brāhmaṇa 8	GV03
SA_GV03_sb_11_u	anchor	14	-856	-800.0	-600.0	-701	-817	-589	Śatapatha-Brāhmaṇa 11	GV03
SA_GV03_sb_10_u	anchor	13	-695	-800.0	-600.0	-698	-817	-581	Śatapatha-Brāhmaṇa 10	GV03
SA_GV06_avpari_u	inferred	68	-937			-643	-1092	-198	Atharvavedapariśiṣṭas	GV06
SA_GV04_sankharu	anchor	17	-862	-700.0	-500.0	-596	-714	-477	Śāṅkhāyana-Āraṇyaka	GV04
SA_GV05_brup___u	anchor	27	-580	-700.0	-500.0	-586	-698	-470	Bṛhadāraṇyaka-Upaniṣad	GV05
SA_GV05_chupsau	anchor	79	-539	-700.0	-500.0	-585	-698	-463	Chāndogya-Upaniṣad (Śaṅkarabhāṣya)	GV05
SA_GV05_brupsb6u	anchor	12	-543	-700.0	-500.0	-585	-698	-466	Bṛhadāraṇyaka-Upaniṣad: Adhyāya 6	GV05
SA_GV05_brupsb2u	anchor	23	-506	-700.0	-500.0	-584	-699	-468	Bṛhadāraṇyaka-Upaniṣad: Adhyāya 2	GV05
SA_GV05_chup___u	anchor	25	-385	-700.0	-500.0	-583	-694	-466	Chāndogya-Upaniṣad	GV05
SA_GV05_brupsb4u	anchor	30	-483	-700.0	-500.0	-583	-699	-470	Bṛhadāraṇyaka-Upaniṣad: Adhyāya 4	GV05
SA_GV05_brupsb5u	anchor	9	-579	-700.0	-500.0	-583	-699	-473	Bṛhadāraṇyaka-Upaniṣad: Adhyāya 5	GV05
SA_GV05_chupsb_u	anchor	79	-522	-700.0	-500.0	-583	-698	-471		GV05
SA_GV05_brupsb1u	anchor	40	-541	-700.0	-500.0	-583	-702	-470		GV05
SA_GV05_brupsb3u	anchor	25	-473	-700.0	-500.0	-582	-693	-464	Bṛhadāraṇyaka-Upaniṣad: Adhyāya 3	GV05
SA_GV05_chup	anchor	25	-385	-700.0	-500.0	-581	-693	-464	Chāndogya-Upaniṣad	GV05
SA_GV06_asvss_u	anchor	70	-931	-700.0	-300.0	-535	-743	-321	Āśvalāyana-Śrautasūtra	GV06
SA_GV06_sankhssu	anchor	65	-935	-700.0	-300.0	-531	-744	-317	Śāṅkhāyana-Śrautasūtra	GV06
SA_GV05_aitupsbu	anchor	9	-554	-600.0	-400.0	-490	-604	-379	Aitareya-Upaniṣad	GV05
SA_GV05_aitup__u	anchor	2	-487	-600.0	-400.0	-489	-605	-371	Aitareya-Upaniṣad	GV05
SA_GV06_dantyovu	inferred	1	-942			-480	-1069	87	Dantyoṣṭhyavidhi	GV06
SA_GV06_kaussu_u	anchor	49	-967	-600.0	-300.0	-475	-649	-311	Kauśika-Sūtra	GV06
SA_GV06_manavgsu	anchor	12	-977	-600.0	-300.0	-474	-634	-303	Mānava-Gṛhyasūtra [Maitrāyaṇīyamānava-Gṛhyasūtra]	GV06
SA_GV06_asvgs_u	anchor	9	-951	-600.0	-300.0	-470	-639	-302	Āśvalāyana-Gṛhyasūtra	GV06
SA_GV06_vargs_u	anchor	8	-968	-600.0	-300.0	-470	-637	-302	Vārāha-Gṛhyasūtra	GV06
SA_GV06_sankhgsu	anchor	13	-935	-600.0	-300.0	-470	-640	-302	Śāṅkhāyana-Gṛhyasūtra	GV06
SA_GV06_apastgcu	anchor	92	-797	-600.0	-300.0	-470	-637	-304	Āpastamba-Gṛhyasūtra	GV06
SA_GV06_apsulb_u	anchor	5	-879	-600.0	-300.0	-460	-624	-291	Āpastamba-Śulbasūtra	GV06
SA_GV06_kauthgsu	anchor	3	-799	-600.0	-300.0	-456	-627	-288	Kauthuma-Gṛhyasūtra	GV06
SA_GV06_vaitss_u	anchor	23	-966	-600.0	-200.0	-452	-663	-244	Vaitāna-Śrautasūtra [Vaitānasūtra]	GV06
SA_GV06_rgvidh_u	anchor	14	-953	-500.0	0.0	-358	-610	-106	Ṛgvidhāna	GV06
SA_GV06_jaimigsu	anchor	6	-975	-500.0	-100.0	-355	-578	-135	Jaimini-Gṛhyasūtra	GV06
SA_GV05_kaivup_u	anchor	1	-401	-500.0	-200.0	-339	-510	-168	Kaivalya-Upaniṣad	GV05
SA_GS24_paninipu	anchor	39	519	-400.0	-300.0	-335	-393	-277	Aṣṭādhyāyī	GS24
SA_GS24_panini_u	anchor	40	782	-400.0	-300.0	-333	-392	-273	Aṣṭādhyāyī	GS24
SA_GV05_isupsb_u	anchor	3	-565	-500.0	-100.0	-304	-521	-90	Īśa-Upaniṣad [Īśāvāsyopaniṣad]	GV05
SA_GV05_sirup_u	anchor	2	-377	-500.0	-100.0	-290	-510	-70	Śira-Upaniṣad [Atharvaśira-Upaniṣad]	GV05
SA_GV05_isup___u	anchor	1	-401	-500.0	-100.0	-289	-505	-73	Īśa-Upaniṣad [Īśāvāsyopaniṣad]	GV05
SA_GV05_svetu_pu	anchor	3	-272	-500.0	-100.0	-289	-506	-75	Śvetāśvatara-Upaniṣad	GV05
SA_GV05_kathop_u	anchor	3	-240	-500.0	-100.0	-289	-504	-73	Kaṭha-Upaniṣad	GV05
SA_GV05_svetugpu	anchor	3	-254	-500.0	-100.0	-285	-501	-65	Śvetāśvatara-Upaniṣad	GV05
SA_GSD37_apastd_u	anchor	17	242	-350.0	-150.0	-230	-345	-118	Āpastamba-Dharmasūtra	GSD37
SA_GSD37_gautdh_u	anchor	13	500	-300.0	-100.0	-176	-292	-60	Gautama-Dharmasūtra	GSD37
SA_GS38_kautil	anchor	87	624	-300.0	-100.0	-167	-279	-54	Arthaśāstra	GS38
SA_GSD37_baudhd_u	anchor	25	327	-250.0	-100.0	-164	-251	-79	Baudhāyana-śrautasūtra TODO: This is mislabeled! Wrong ID	GSD37
SA_GSD37_gautdhcu	anchor	20	941	-300.0	-100.0	-162	-280	-48	Gautama-Dharmasūtra	GSD37
SA_GSP32_vaissu1u	anchor	4	430	-600.0	-100.0	-147	-414	103	Vaiśeṣikasūtra	GSP32
SA_T07_dhrmsk_u	anchor	16	524	-200.0	-50.0	-103	-193	-16	Dharmaskandha	T07
SA_GV05_prasupbu	anchor	10	-597	-200.0	100.0	-90	-259	76	Praśna-Upaniṣad	GV05
SA_GV05_prasup_u	anchor	3	-559	-200.0	100.0	-79	-249	92	Praśna-Upaniṣad	GV05
SA_GV05_mand_upu	anchor	1	-325	-200.0	100.0	-69	-233	108	Māṇḍūkya-Upaniṣad	GV05
SA_GV05_mandup_u	anchor	1	-514	-200.0	200.0	-40	-262	184	Māṇḍūkya-Upaniṣad	GV05
SA_GE07_mbh_05_u	anchor	158	396	-400.0	100.0	-22	-273	223	Mahābhārata: Udyogaparvan	GE07
SA_GV05_brbiuppu	anchor	1	-354	-200.0	300.0	-15	-279	254	Brahmabindu-Upaniṣad	GV05
SA_GE09_ram_03_u	anchor	44	578	-400.0	100.0	-14	-256	246	Rāmāyaṇa: 3. Araṇyakāṇḍa	GE09
SA_GE09_ram_04_u	anchor	42	557	-400.0	100.0	-14	-266	234	Rāmāyaṇa: 4. Kiṣkindhākāṇḍa	GE09
SA_GV05_garbhupu	anchor	1	-268	-200.0	300.0	-11	-275	252	Garbha-Upaniṣad	GV05
SA_GSD37_vasist_u	anchor	22	363	-150.0	100.0	-9	-145	131	Vāsiṣṭadharmasūtra	GSD37
SA_GE07_mbh_03_u	anchor	276	480	-400.0	100.0	-8	-252	235	Mahābhārata: Āraṇyakaparvan	GE07
SA_GE07_mbh_09_u	anchor	82	523	-300.0	100.0	-7	-212	204	Mahābhārata: Śalyaparvan	GE07
SA_GE07_mbh_04_u	anchor	103	511	-400.0	100.0	-6	-251	240	Mahābhārata: Virāṭaparvan	GE07
SA_GE07_mbh_02_u	anchor	105	525	-300.0	100.0	-6	-211	200	Mahābhārata: Sabhāparvan	GE07
SA_GE07_mbh_08_u	anchor	144	549	-300.0	100.0	-3	-216	205	7	GE07
SA_GE07_mbh_07_u	anchor	225	504	-400.0	100.0	-3	-246	249	Mahābhārata: Droṇaparvan	GE07
SA_GE07_mbh_01_u	anchor	263	521	-400.0	100.0	-2	-254	239	Mahābhārata: Ādiparvan	GE07
SA_GE07_mbh_06_u	anchor	135	521	-400.0	100.0	-1	-249	242	Mahābhārata: Bhīṣmaparvan	GE07
SA_GE09_ram_03pu	anchor	42	784	-400.0	100.0	19	-228	270	Rāmāyaṇa: 3. Araṇyakāṇḍa	GE09
SA_K05_bsu049_u	anchor	118	265	-100.0	100.0	22	-93	132	Aṣṭasāhasrikā Prajñāpāramitā [Aṣṭasāhasrikāprajñāpāramitāsūtra]	K05
SA_GE09_ram_02su	anchor	65	461	-400.0	200.0	36	-243	321	Rāmāyaṇa: 2. Ayodhyākāṇḍa	GE09
SA_GE07_mbh_10_u	anchor	18	457	-400.0	200.0	48	-230	316	Mahābhārata: Sauptikaparvan	GE07
SA_GV05_ndbiuppu	anchor	1	-12	-100.0	300.0	54	-160	269	Nādabindu-Upaniṣad	GV05
SA_GE09_ram_02_u	anchor	106	549	-400.0	200.0	58	-218	333	Rāmāyaṇa: 2. Ayodhyākāṇḍa	GE09
SA_GE09_ram_05_u	anchor	55	614	-400.0	200.0	65	-214	353	Rāmāyaṇa: 5. Sundarakaṇḍa	GE09
SA_K14_dhppat_u	anchor	17	53	-250.0	200.0	70	-165	299	Patna Dharmapada	K14
SA_K01_bhikavau	anchor	7	126	-100.0	200.0	75	-87	238	Bhikṣuṇī-Karmavācanā	K01
SA_GE07_mbh_11_u	anchor	18	463	-100.0	200.0	83	-86	245	Mahābhārata: Strīparvan	GE07
SA_GE09_ram_01_u	anchor	40	618	-100.0	200.0	85	-83	254	Rāmāyaṇa: 1. Bālakāṇḍa	GE09
SA_K01_abhisdhu	anchor	76	306	-100.0	200.0	86	-78	254	Abhisamācārikadharma	K01
SA_K01_bsu046_u	anchor	9	71	-200.0	300.0	99	-153	355	Prātimokṣasūtra	K01
SA_K10_bsu031	anchor	4	416	-50.0	200.0	103	-40	248	Śālistambasūtra	K10
SA_K10_bsu023_u	anchor	4	385	-50.0	200.0	103	-37	247	Madhyamakaśālistambasūtra	K10
SA_K12_Āgama_Mahāsamājasūtra_Szántó	anchor	2	224	-200.0	200.0	105	-111	316		K12
SA_K01_prmosufu	anchor	2	195	-200.0	300.0	107	-150	362	Prātimokṣasūtra	K01
SA_K01_prmosubu	anchor	10	268	-200.0	300.0	118	-140	371	Prātimokṣasūtra	K01
SA_K08_bsu020_u	anchor	12	322	1.0	199.0	118	7	222	Kāśyapaparivartasūtra [Kāśyapaparivarta]	K08
SA_GK20_dramfrag_pu	anchor	8	465	80.0	150.0	119	71	169	Dramatic Fragments (buddhist)	GK20
SA_GE07_bhg4c01u	anchor	8	900	1.0	200.0	119	7	236	Bhagavadgītā 1	GE07
SA_K08_kasyparu	anchor	15	338	1.0	199.0	120	3	234	Kāśyapaparivartasūtra [Kāśyapaparivarta]	K08
SA_T11_bsa020_u	anchor	1	322	80.0	150.0	120	70	169	Vajrasūcī	T11
SA_GE07_bhg4c10u	anchor	13	820	1.0	200.0	120	7	231	Bhagavadgītā 10	GE07
SA_GK19_asvsau2u	anchor	23	204	80.0	150.0	120	74	171	Saundarananda	GK19
SA_GK19_asvsaunu	anchor	22	151	80.0	150.0	121	72	169	Saundarananda	GK19
SA_T13_n929u	anchor	24	694	80.0	150.0	121	73	170	Saundarananda Mahākāvya	T13
SA_T02_bsa045_u	anchor	1	676	80.0	150.0	121	73	171	Gurupañcāśikā	T02
SA_GK19_asvbc_1u	anchor	26	298	80.0	150.0	121	71	169	Buddhacarita	GK19
SA_GK19_asvbuc2u	anchor	21	326	80.0	150.0	122	72	172	Buddhacarita	GK19
SA_K01_prmosu_u	anchor	8	274	-200.0	300.0	122	-130	382	Prātimokṣasūtra	K01
SA_GE07_bhg4c03u	anchor	19	854	1.0	200.0	123	11	239	Bhagavadgītā 3	GE07
SA_GE07_bhg4c11u	anchor	16	868	1.0	200.0	123	6	233	Bhagavadgītā 11	GE07
SA_GE07_bhg4c12u	anchor	8	1009	1.0	200.0	123	7	238	Bhagavadgītā 12	GE07
SA_GE07_bhg4c02u	anchor	34	863	1.0	200.0	125	11	237	Bhagavadgītā 2	GE07
SA_K01_prmosulu	anchor	12	312	-200.0	300.0	127	-121	370	Prātimokṣasūtra	K01
SA_K10_sf280_sc	anchor	1	28	75.0	175.0	128	69	188		K10
SA_K10_vimkn_u	anchor	32	388	1.0	250.0	129	2	199	Vimalakīrtinirdeśa [Vimalakīrtinirdeśasūtra]	K10
SA_T05_bsa062_u	anchor	2	398	-200.0	300.0	133	-134	396	Śālistambakakārikā [Āryaśālistambakakārikā]	T05
SA_K10_sf140_sc	anchor	3	294	50.0	200.0	134	48	218	Vimalakīrtinirdeśasūtra [Vimalakīrtinirdeśa]	K10
SA_K10_bsu061_u	anchor	37	566	50.0	200.0	135	49	198	Vimalakīrtinirdeśasūtra [Vimalakīrtinirdeśa]	K10
SA_T01_Mātṛceṭa_Śatapañcāśatka_Szántó	anchor	3	426	50.0	200.0	136	49	224		T01
SA_GE09_ram_07_u	anchor	55	511	-100.0	300.0	139	-79	354	Rāmāyaṇa: 7. Uttarakāṇḍa	GE09
SA_T01_Mātṛceṭa_Varṇārhavarṇastotra_Szántó	anchor	22	493	50.0	200.0	140	53	228		T01
SA_GE07_mbh_14_u	anchor	98	456	-100.0	300.0	144	-66	365	Mahābhārata: Aśvamedhikaparvan	GE07
SA_T01_n2925u	anchor	2	485	125.0	175.0	153	105	203	Dharmadhātustava	T01
SA_T01_nagast_u	anchor	1	599	125.0	175.0	153	104	202	Acintyastava	T01
SA_K10_divav29u	anchor	26	537	100.0	200.0	155	96	215	Aśokāvadāna	K10
SA_T17_matpra_u	anchor	3	787	100.0	200.0	156	96	215	Prasādapratibhodhava [Śatapañcāśatka]	T17
SA_T01_busto1_u	anchor	7	685	100.0	200.0	157	96	215	Anaparāddhastotra	T01
SA_T17_kukalpmu	anchor	15	681	100.0	200.0	158	98	218	Kalpanāmaṇḍitikā	T17
SA_GSP28_msbh1-7u	anchor	230	411	100.0	199.0	159	100	216	Mīmāṃsāsūtra	GSP28
SA_GSP28_jaimsutu	anchor	27	635	100.0	199.0	160	101	216	Mīmāṃsāsūtra	GSP28
SA_GS40_caraka_u	anchor	47	798	-100.0	200.0	166	4	336	Carakasaṃhitā	GS40
SA_GE07_mbh_17_u	anchor	3	427	-100.0	400.0	170	-92	431	Mahābhārata: Mahāprasthānikaparvan	GE07
SA_GE07_mbh_16_u	anchor	8	616	1.0	300.0	173	5	343	Mahābhārata: Mausalaparvan	GE07
SA_GE07_mbh_15_u	anchor	24	538	1.0	300.0	175	8	337	Mahābhārata: Āśramavāsikaparvan	GE07
SA_T01_naglok_u	anchor	1	806	150.0	200.0	178	129	228	Lokātītastava	T01
SA_GE07_hv_conpu	anchor	175	545	1.0	300.0	178	11	346	Harivaṃśa	GE07
SA_K07_pplg1__u	anchor	12	335	0.0	299.0	179	10	344	Larger Prajñāpāramitā [Pañcaviṃśatisāhasrikā Prajñāpāramitā, Pañcaviṃśatisāhasrikāprajñāpāramitāsūtra]	K07
SA_GE07_mbh_12_u	anchor	344	367	-100.0	400.0	181	-58	434	Mahābhārata: Śāntiparvan	GE07
SA_GR12_suyagadangau	inferred	18	-159			181	-293	653		GR12
SA_GSP33_brahmsuu	anchor	6	1223	-200.0	200.0	181	-32	400	Brahmasūtra	GSP33
SA_K09_bsu014_u	anchor	34	438	100.0	250.0	183	96	267	Daśabhūmikasūtra	K09
SA_GSP33_brahms2u	anchor	6	1196	-200.0	200.0	184	-31	393	Brahmasūtra	GSP33
SA_T04_bsa015_u	anchor	3	648	100.0	250.0	187	98	279	Suhṛllekha	T04
SA_XX_kunjarakarnu	inferred	15	-173			190	-310	699		XX
SA_T07_n772u	anchor	27	416	0.0	299.0	191	21	354	Abhidharmāmṛta	T07
SA_K10_bsu022_u	anchor	90	534	1.0	300.0	195	25	364	Lalitavistara [Lalitavistarasūtra]	K10
SA_GR12_dasavaikaliu	inferred	11	-166			195	-293	680		GR12
SA_GE07_hv_apppu	anchor	244	856	1.0	300.0	196	30	358	Harivaṃśa (appendix)	GE07
SA_K10_udanav_u	anchor	23	-188	100.0	300.0	199	83	315	Udānavarga	K10
SA_GR12_nisihasuttau	inferred	14	-146			201	-284	667		GR12
SA_T10_nrat_2_u	anchor	1	533	150.0	250.0	202	145	263	Ratnāvalī [Ratnamālā] 2	T10
SA_T10_nrat_1_u	anchor	2	575	150.0	250.0	203	144	261	Ratnāvalī [Ratnamālā] 1	T10
SA_T10_nrat_4_u	anchor	2	575	150.0	250.0	203	144	262	Ratnāvalī [Ratnamālā] 3	T10
SA_T10_bsa025_u	anchor	5	498	150.0	250.0	203	145	263	Ratnāvalī [Ratnamālā]	T10
SA_T01_n832u	anchor	2	554	50.0	299.0	204	60	347	Daśabhūmīśvaro nāma mahāyānasūtraratnarājastotra	T01
SA_T04_nagvvy_u	anchor	2	603	150.0	250.0	205	148	263	Vigrahavyāvartanīkārikā	T04
SA_GE07_mbh_18_u	anchor	7	716	-100.0	400.0	205	-48	462	Mahābhārata: Svargārohaṇaparvan	GE07
SA_T04_n848u	anchor	1	612	150.0	250.0	205	145	264	Niraupamyastava	T04
SA_T04_bsa027_u	anchor	10	445	150.0	250.0	205	147	265	Madhyamakaśāstra	T04
SA_T04_bsa021_u	anchor	2	620	150.0	250.0	205	147	263	Vigrahavyāvartanī	T04
SA_T04_nagvigvu	anchor	8	568	150.0	250.0	206	147	263	Vigrahavyāvartanī	T04
SA_T04_nagmmk_u	anchor	9	490	150.0	250.0	206	147	266	Mūlamadhyamakakārikā	T04
SA_T11_bsa070_u	anchor	9	455	150.0	250.0	207	148	266	Upāyahṛdaya	T11
SA_GE07_bhgce__u	anchor	15	400	1.0	400.0	209	-8	424	Bhagavadgītā	GE07
SA_GE07_bhg4c08u	anchor	11	707	100.0	300.0	210	96	324	Bhagavadgītā 8	GE07
SA_MB_natyasatrav3HK	anchor	66	871	-200.0	200.0	211	-3	418	Unknown: nāṭyaśāstram Vol. 3	MB
SA_GR12_uttarajjhayu	inferred	35	-69			211	-246	674		GR12
SA_GS24_pmbhasuu	anchor	281	187	100.0	299.0	212	98	326	Vyākaraṇamahābhāṣya [Mahābhāṣya]	GS24
SA_K10_divav33u	anchor	42	354	100.0	299.0	213	97	327	Śārdūlakarṇāvadāna	K10
SA_K10_bsu024_u	anchor	22	488	100.0	299.0	215	103	329	Mahāsannipātaratnaketudhāraṇīsūtra  [Ratnaketuparivarta, Ratnaketudhāraṇīsūtra]	K10
SA_T01_Rāhulabhadra_Nirvikalpastuti_Szántó	anchor	1	641	100.0	300.0	215	101	336		T01
SA_GR12_nayadhammaku	inferred	11	-123			216	-250	698		GR12
SA_GE07_bhg4c05u	anchor	13	887	100.0	300.0	216	101	333	Bhagavadgītā 5	GE07
SA_GE07_bhg4c06u	anchor	24	894	100.0	300.0	216	99	332	Bhagavadgītā 6	GE07
SA_K10_ratnakeu	anchor	27	507	100.0	299.0	216	103	328	Mahāsannipātaratnaketudhāraṇīsūtra  [Ratnaketuparivarta, Ratnaketudhāraṇīsūtra]	K10
SA_GSP34_patyog_u	anchor	2	442	100.0	299.0	217	101	333	Yogasūtra	GSP34
SA_T01_Nāgārjuna_Lokātītastava_Szántó	anchor	1	740	100.0	300.0	217	103	334		T01
SA_GE07_bhg4c09u	anchor	16	944	100.0	300.0	217	103	336	Bhagavadgītā 9	GE07
SA_GSP34_yogsubhu	anchor	9	426	100.0	299.0	217	104	335	Yogasūtra	GSP34
SA_T01_Nāgārjuna_Niraupamyastava_Szántó	anchor	1	750	100.0	300.0	218	98	333		T01
SA_GE07_bhg4c04u	anchor	17	914	100.0	300.0	218	102	332	Bhagavadgītā 4	GE07
SA_GSP34_yogasutu	anchor	3	494	100.0	299.0	218	101	336	Yogasūtra	GSP34
SA_GE07_bhg4c07u	anchor	14	1003	100.0	300.0	219	105	332	Bhagavadgītā 7	GE07
SA_GSP34_patyogbu	anchor	16	377	100.0	299.0	219	104	333	Yogasūtra with Bhāṣya	GSP34
SA_T01_Nāgārjuna_Acintyastava_Szántó	anchor	2	721	100.0	300.0	220	101	336		T01
SA_MB_natyasatrav1HK	anchor	99	920	-200.0	200.0	220	12	429	Unknown: nāṭyaśāstram Vol. 1	MB
SA_T04_nagyuksu	anchor	1	551	150.0	280.0	222	144	298	Yuktiṣaṣṭikārikā	T04
SA_T04_bsa016_u	anchor	2	538	150.0	280.0	223	145	298	Śūnyatāsaptati	T04
SA_T04_bsa028_u	anchor	1	655	170.0	270.0	224	166	283	Catuḥśatikā	T04
SA_K10_samyu_wu	inferred	3	-289			226	-297	731	Saṃyuktāgama	K10
SA_GK17_chandovu	anchor	3	795	100.0	299.0	226	116	341	Chandoviciti	GK17
SA_K01_vinv06_u	anchor	70	339	1.0	400.0	227	16	444	Bhaiṣajyavastu	K01
SA_GSD36_manu2p_u	anchor	54	508	100.0	300.0	228	115	334		GSD36
SA_K10_bsu039_u	anchor	1	246	1.0	399.0	230	17	449	Triskandhasūtra	K10
SA_GSP29_nysu51pu	anchor	4	1115	-150.0	250.0	233	22	442	Nyāyasūtra 5.1	GSP29
SA_K01_bhivin_u	anchor	80	42	1.0	500.0	235	-18	478	Bhikṣuṇīvinaya	K01
SA_T06_srabhusu	anchor	118	260	200.0	270.0	236	188	285	Yogācārabhūmi: Śrāvakabhūmi	T06
SA_T06_srabhu_u	anchor	74	256	200.0	270.0	237	189	285	Yogācārabhūmi: Śrāvakabhūmi	T06
SA_GR12_pindanijjutu	inferred	14	-27			242	-237	727		GR12
SA_K01_n742u	anchor	82	151	1.0	500.0	247	-2	498	Bhikṣuṇīvinaya	K01
SA_GK22_vispancu	anchor	81	775	-100.0	300.0	247	38	458	Pañcatantra	GK22
SA_K10_n446u	anchor	2	625	1.0	400.0	248	27	456	Meghasūtra	K10
SA_K02_sspp2_3u	anchor	94	199	100.0	400.0	250	80	418	Śatasāhasrikā Prajñāpāramitā II-3 [Śatasāhasrikāprajñāpāramitāsūtra]	K02
SA_GK22_vispancu_e	anchor	26	853	-100.0	300.0	251	44	456	Pañcatantra	GK22
SA_K14_pamsuavu	anchor	1	772	100.0	350.0	251	106	400	Pāṃśupradāna-avadāna	K14
SA_K02_sspp2_4u	anchor	108	219	100.0	400.0	252	89	418	Śatasāhasrikā Prajñāpāramitā II-4 [Śatasāhasrikāprajñāpāramitāsūtra]	K02
SA_T01_rahppspu	anchor	1	619	200.0	300.0	254	194	311	Prajñāpāramitāstotra	T01
SA_K08_bsu040_u	anchor	1	515	50.0	400.0	255	59	451	Vinayaviniścaya upāliparipṛcchā [Vinayaviniścaya upāliparipṛcchā sūtra]	K08
SA_GE07_mbh_13_u	anchor	267	426	100.0	400.0	255	90	424	Mahābhārata: Anuśāsanaparvan	GE07
SA_K06_bsu051_u	anchor	7	-31	100.0	400.0	256	83	417	Vajracchedikā Prajñāpāramitā [Vajracchedikāprajñāpāramitāsūtra]	K06
SA_K02_sspp2_1u	anchor	64	339	100.0	400.0	257	90	424	Śatasāhasrikā Prajñāpāramitā II-1 [Śatasāhasrikāprajñāpāramitāsūtra]	K02
SA_T04_bsa013_u	anchor	1	391	150.0	350.0	264	145	382	Pratītyasamutpādahṛdayavyākhyāna	T04
SA_K01_vinv172u	anchor	98	380	100.0	400.0	264	98	429	Saṅghabhedavastu 2	K01
SA_K10_bsu010_u	anchor	1	439	100.0	400.0	265	95	412	Bhavasaṅkrāntisūtra	K10
SA_K05_dsp1-2_u	anchor	11	361	100.0	399.0	266	98	426	Daśasāhasrikā Prajñāpāramitā	K05
SA_GSP29_nysvbh_u	anchor	65	1042	-150.0	250.0	267	54	488	Nyāyasūtra	GSP29
SA_K02_sspp2_2u	anchor	73	462	100.0	400.0	268	98	431	Śatasāhasrikā Prajñāpāramitā II-2 [Śatasāhasrikāprajñāpāramitāsūtra]	K02
SA_GSP29_nystik_u	anchor	202	993	-150.0	250.0	271	52	479	Nyāyasūtra	GSP29
SA_K06_bsu030_u	anchor	40	316	100.0	400.0	271	102	442	Suvikrāntavikrāmiparipṛcchā  [Suvikrāntavikrāmiparipṛcchāprajñāpāramitāsūtra,  Sārdhadvisāhasrikā prajñāpāramitā]	K06
SA_K03_psp_1u	anchor	103	263	100.0	400.0	273	103	439	Pañcaviṃśatisāhasrikā Prajñāpāramitā I [Pañcaviṃśatisāhasrikāprajñāpāramitāsūtra]	K03
SA_K01_bsa068_u	anchor	4	262	150.0	400.0	277	136	419	K01bsa068_u	K01
SA_K14_n285u	anchor	1	432	100.0	400.0	278	110	445	Catuṣpariṣatsūtra	K14
SA_T06_ybh-laukikamarga	anchor	3	273	200.0	350.0	278	192	369	Yogācārabhūmi: Laukikamarga	T06
SA_GSP32_vaisessu	anchor	4	922	250.0	300.0	278	230	327	Vaiśeṣikasūtra	GSP32
SA_T01_Śaṃkarasvāmin_Devātiśayastotra_Szántó	anchor	1	751	100.0	400.0	281	111	455		T01
SA_K10_bsu018_u	anchor	57	423	200.0	499.0	282	158	328	Sarvajñatākāradhāraṇī [Karuṇāpuṇḍarīka(sūtra)]	K10
SA_K14_mavadsuu	anchor	11	116	150.0	400.0	284	146	428	Mahāvadānasūtra	K14
SA_T05_bsu027_u	inferred	1	88			285	-305	619	Pratītyasamutpādādivibhaṅganirdeśasūtra	T05
SA_K10_sf279_sc	inferred	1	-544			290	-287	851		K10
SA_K01_vinv01_u	anchor	13	463	1.0	499.0	291	39	540	Pravrajyāvastu	K01
SA_K01_vinv04_u	inferred	5	261			292	-197	792	Varṣāvastu	K01
SA_GSP29_gaunys_u	anchor	11	1584	-150.0	250.0	293	74	516	Nyāyasūtra	GSP29
SA_K14_n445u	anchor	14	501	150.0	400.0	298	160	440	Mahāvadānasūtra	K14
SA_GR12_ayarangasutu	inferred	11	99			300	-187	794		GR12
SA_K10_alavakasuttu	inferred	1	-425			302	-256	863		K10
SA_T07_hvsatssu	anchor	200	556	250.0	350.0	303	245	364	Satyasiddhiśāstra [Tattvasiddhiśāstra]	T07
SA_GE07_bhg4c14u	anchor	10	735	200.0	400.0	304	188	421	Bhagavadgītā 14	GE07
SA_K01_n2853u	anchor	20	323	100.0	499.0	305	90	515	Śayanāsanavastu	K01
SA_GK20_bhassv_u	anchor	17	778	250.0	350.0	305	246	365	Svapnavāsavadatta	GK20
SA_GK20_bhasdutu	anchor	6	812	250.0	350.0	306	246	364	Dūtavākya	GK20
SA_K01_upsmpjnu	anchor	5	378	100.0	499.0	306	89	520	Upasaṃpadājñapti	K01
SA_K01_vinv15_u	anchor	20	351	100.0	499.0	307	97	517	Śayanāsanavastu	K01
SA_K01_vinv03_u	anchor	6	347	100.0	499.0	307	87	512	Pravāraṇāvastu	K01
SA_GE07_bhg4c17u	anchor	9	798	200.0	400.0	307	192	424	Bhagavadgītā 17	GE07
SA_GE07_bhg4c16u	anchor	9	863	200.0	400.0	308	189	423	Bhagavadgītā 16	GE07
SA_T01_n2971u	anchor	1	834	150.0	420.0	308	145	459	Bhadracaryādeśanā	T01
SA_K01_n2954u	anchor	6	397	100.0	499.0	309	96	521	Upasampadājñapti	K01
SA_GE09_ram_06_u	inferred	96	564			310	-146	770	Rāmāyaṇa: 6. Yuddhakāṇḍa	GE09
SA_GE07_bhg4c18u	anchor	18	891	200.0	400.0	311	196	423	Bhagavadgītā 18	GE07
SA_GE07_bhg4c15u	anchor	10	969	200.0	400.0	312	199	428	Bhagavadgītā 15	GE07
SA_GE07_naray__u	anchor	48	599	100.0	500.0	312	100	524	Nārāyaṇīya	GE07
SA_K10_nagsu_pu	anchor	4	243	100.0	500.0	313	97	533	Nagaropamasūtra	K10
SA_GSD37_vaikhd_u	anchor	6	201	200.0	500.0	315	149	486	Vaikhānasa Dharmasūtra 1–3 [Vaikhānasa Smārtasūtra 8-10]	GSD37
SA_GR12_dhuttakkhanu	inferred	10	122			315	-179	806		GR12
SA_T04_nagmyv_u	anchor	1	421	150.0	450.0	325	157	491	Mahāyānaviṃśikā [Mahāyānaviṃśati]	T04
SA_T06_asmahsbu	anchor	58	349	270.0	380.0	326	262	390	Mahāyānasūtrālaṅkāra	T06
SA_K02_bsu057_u	inferred	1	516			328	-286	948	Advayaśatikā Prajñāpāramitāsūtra	K02
SA_GK18_bharnatu	anchor	92	879	200.0	400.0	330	211	444	Nāṭyaśāstra	GK18
SA_K10_mkarmviu	anchor	11	483	100.0	499.0	330	116	546	Mahākarmavibhaṅga	K10
SA_K10_n267u	anchor	22	399	200.0	450.0	333	185	469	Āryasaṃghāṭasūtra	K10
SA_K10_divyav_u	anchor	227	449	100.0	500.0	334	115	540	Divyāvadāna	K10
SA_K10_n2942u	anchor	20	444	200.0	450.0	334	194	475	Saddharmasmṛtyupasthānasūtra	K10
SA_T17_sabhivpu	anchor	5	678	250.0	400.0	335	246	421	Sabhikasaugataśāsanapravrajyāvratacaraṇaparivarta	T17
SA_K10_sf107_sc	inferred	5	161			336	-175	824		K10
SA_T01_Nāgārjuna_Sattvārādhanastava-Cheung_Szántó	anchor	1	635	100.0	500.0	343	124	567		T01
SA_T01_Nāgārjuna_Sattvārādhanastava-Lévi_Szántó	anchor	1	708	100.0	500.0	344	126	562		T01
SA_K10_jnalokau	anchor	14	305	200.0	500.0	348	180	467	Jñānālokālaṃkāra sūtra [Sarvabuddhaviṣayāvatārajñānālokālaṃkāra nāma mahāyānasūtra, Sarvabuddhaviṣayāvatārajñānalokālaṃkārasūtra]	K10
SA_GS40_susruta	anchor	181	957	200.0	400.0	348	231	462	Suśrutasaṃhitā	GS40
SA_T06_bsa034	anchor	78	294	310.0	390.0	349	302	388	Bodhisattvabhūmi	T06
SA_K10_nidansyu	inferred	15	243			349	-122	804	Nidānasaṃyukta	K10
SA_T06_-ybh-klesa	anchor	2	352	300.0	400.0	350	292	411		T06
SA_T06_asycsaru	anchor	2	293	300.0	399.0	350	290	409	Śarīrārthagāthā	T06
SA_T06_sambhu	anchor	15	288	300.0	400.0	350	290	410	Yogācārabhūmi: Samāhitā Bhūmi	T06
SA_T06_bsa010_u	anchor	3	347	300.0	400.0	350	292	410	Madhyāntavibhāgakārikā	T06
SA_T03_bsa026_u	anchor	7	371	300.0	399.0	352	294	410	Abhisamayālaṅkāra	T03
SA_T03_abhisamu	anchor	6	420	300.0	399.0	352	294	412	Abhisamayālaṅkāranāmaprajñāpāramitopadeśaśāstra	T03
SA_T09_ajm_u	anchor	22	576	300.0	399.0	352	295	410	Jātakamālā	T09
SA_T03_bsa033_u	anchor	16	394	300.0	399.0	353	294	410	Abhisamayālaṅkārāntaḥ pātināṃ	T03
SA_T09_bsa032	anchor	53	581	300.0	399.0	353	295	410	Jātakamālā	T09
SA_GR12_anuyogadvaru	inferred	7	203			354	-149	882		GR12
SA_GSD36_pars2_pu	anchor	12	446	100.0	500.0	355	148	567	Parāśaradharmasaṃhitā [Parāśarasmṛti]: Kāṇḍas 1 & 2	GSD36
SA_GS25_amark2_u	anchor	15	436	200.0	500.0	356	191	525	Nāmaliṅgānuśāsana [Amarakoṣa, Amarakośa], Kāṇḍa 2	GS25
SA_T04_bsu060_u	anchor	6	589	100.0	500.0	357	144	573	Karmavibhaṅgopadeśa	T04
SA_T06_bsa022_u	anchor	1	345	300.0	499.0	357	269	437	Viṃśatikā vijñaptimātratāsiddhi [Viṃśikāvṛtti] kārikā	T06
SA_GSP31_iskamatu	anchor	25	779	300.0	400.0	358	299	417	Sāṃkhyakārikā [Sāṃkhyasaptati]	GSP31
SA_K10_sf241_sc	inferred	2	126			360	-180	903		K10
SA_K10_sjdh_u	anchor	4	617	200.0	499.0	363	189	533	Sarvajñatākāradhāraṇī [Karuṇāpuṇḍarīka(sūtra)]	K10
SA_GV05_agsas_1u	anchor	6	-461	300.0	600.0	364	199	529	Āgamaśāstra 1: Āgamaprakaraṇa	GV05
SA_GS25_amark1pu	anchor	6	609	200.0	500.0	365	195	532	Nāmaliṅgānuśāsana [Amarakoṣa, Amarakośa], Kāṇḍa 1	GS25
SA_T06_n1394u	anchor	56	286	350.0	380.0	365	315	413	Yogācārabhūmi	T06
SA_K14_bsa052_u	anchor	58	633	100.0	499.0	366	154	576	Dharmasamuccaya [Saddharmasmṛtyupasthānakārikā]	K14
SA_T06_asmahsuu	anchor	61	352	300.0	430.0	366	289	441	Mahāyānasūtrālaṃkāra	T06
SA_T06_bsa030_u	anchor	17	324	300.0	430.0	366	290	439	Mahāyānasūtrālaṃkāra	T06
SA_K07_atrisatu	anchor	2	603	330.0	405.0	368	319	417	Triśatikāyāḥ prajñāpāramitāyāḥ kārikāsaptatiḥ [Vajracchedikāprajñāpāramitāsūtraśāstrakārikā]	K07
SA_T06_asabhs_u	anchor	36	344	330.0	405.0	368	318	417	Abhidharmasamuccaya	T06
SA_T06_n2994u	anchor	10	359	330.0	405.0	368	321	418	Mahāyānasaṃgraha	T06
SA_T07_vakobhk	anchor	13	323	380.0	390.0	369	324	411	Abhidharmakośakārikā	T07
SA_GS25_amark3_u	anchor	11	775	200.0	500.0	372	208	545	Nāmaliṅgānuśāsana [Amarakoṣa, Amarakośa], Kāṇḍa 3	GS25
SA_K10_sf89_sc	inferred	1	61			373	-191	941		K10
SA_K10_sf101_sc	inferred	1	93			373	-213	933		K10
SA_GR12_nandisutramu	inferred	4	217			375	-153	914		GR12
SA_T06_bsa023_u	anchor	1	311	320.0	430.0	375	309	440		T06
SA_K10_n262u	inferred	1	163			377	-191	852	Āryānityatāsūtra	K10
SA_K14_mhvastuu	anchor	267	322	300.0	450.0	377	292	465	Mahāvastu-avadāna	K14
SA_K12_Āgama_Mahādaṇḍadhāraṇīśītavatī_Hidas	anchor	1	141	200.0	500.0	379	210	544		K12
SA_K06_n2882u	anchor	6	411	100.0	600.0	380	125	645	Pañcaśatikāprajñāpāramitā [Pañcaśatikāprajñāpāramitāsūtra]	K06
SA_K07_ppfrag_u	inferred	19	331			381	-84	860	Fragments of Prajnāpāramitā texts	K07
SA_K10_sf253_sc	inferred	6	297			382	-125	878		K10
SA_GSP28_shabara	anchor	95	157	200.0	500.0	383	224	548	Mīmāṃsāsūtra Shabara-Bhāṣya	GSP28
SA_T07_vakobha9	anchor	7	425	380.0	390.0	386	338	435	Abhidharmakośabhāṣya Chapter 9	T07
SA_T07_vakobhau1	anchor	12	429	380.0	390.0	386	338	434	Abhidharmakośabhāṣya Chapter 1	T07
SA_K10_uvs_sc	inferred	16	330			388	-70	846		K10
SA_GSP28_sabbha1u	anchor	8	193	200.0	500.0	388	220	556	Mīmāṃsāsūtrabhāṣya	GSP28
SA_K01_vinv11_u	anchor	10	69	300.0	499.0	389	272	504	Pāṇḍulohitakavastu	K01
SA_GR12_baddakappou	inferred	3	264			389	-142	928		GR12
SA_T11_bsa069_u	inferred	12	567			390	78	493	Tarkaśāstra	T11
SA_T06_vmvkbh_u	anchor	14	356	350.0	430.0	390	342	438	Madhyāntavibhāgabhāṣya [Madhyāntavibhāgakārikābhāṣya]	T06
SA_GS39_kamasutu	anchor	27	277	350.0	425.0	390	342	439	Kāmasūtra	GS39
SA_T06_bsa065	anchor	5	354	350.0	430.0	391	340	438	Pañcaskandhaprakaraṇa	T06
SA_GS39_kamasufu	anchor	30	392	350.0	425.0	391	342	439	Kāmasūtra	GS39
SA_K01_vinv12_u	anchor	6	205	300.0	499.0	391	279	510	Pudgalavastu	K01
SA_T06_bsa019_u	anchor	1	313	350.0	430.0	391	341	439	Trisvabhāvanirdeśa	T06
SA_K10_sf284_sc	inferred	1	201			391	-177	947		K10
SA_T04_vasbocpu	anchor	10	461	350.0	430.0	392	344	440	Bodhicittotpādasūtraśāstra	T04
SA_K01_vinv10_u	anchor	4	130	300.0	499.0	393	277	502	Karmavastu	K01
SA_K01_vinv13_u	anchor	3	332	300.0	500.0	394	282	513	Pārivāsikavastu	K01
SA_K01_vinv171u	anchor	80	285	300.0	500.0	394	275	510	Saṅghabhedavastu 1	K01
SA_K01_vinv07_u	anchor	42	306	300.0	499.0	394	281	507	Cīvaravastu	K01
SA_K01_vinv02_u	anchor	12	265	300.0	500.0	394	278	515	Poṣadhavastu	K01
SA_K10_bsu001_u	inferred	1	242			396	-142	975	Āryānityatāsūtra [Anityatāsūtra]	K10
SA_K10_sf277_sc	inferred	1	256			397	-165	934		K10
SA_T06_bsa018	anchor	1	359	420.0	430.0	397	352	439	Triṃśikāvijñaptikārikā [Triṃśikākārikā]	T06
SA_K01_n2904u	inferred	3	581			397	-123	921	Lokeśvarapārājikā	K01
SA_K10_n260u	anchor	11	319	200.0	600.0	397	187	612	Arthaviniścayasūtra	K10
SA_K01_vinv09_u	anchor	5	32	350.0	450.0	398	339	458	Kośāmbakavastu	K01
SA_K01_vinv16_u	anchor	17	219	350.0	450.0	398	339	457	Adhikaraṇavastu	K01
SA_K01_vinv08_u	anchor	4	377	300.0	499.0	398	284	513	Kaṭhinavastu	K01
SA_K10_bsu005_u	anchor	11	353	200.0	600.0	399	184	612	Arthaviniścayasūtra	K10
SA_K01_vinv14_u	anchor	3	210	350.0	450.0	399	342	454	Poṣadhasthāpanavastu	K01
SA_K09_bsu016_u	anchor	151	568	350.0	450.0	400	341	458	Gaṇḍavyūhasūtra [Gaṇḍavyūha]	K09
SA_T01_Rādhasvāmin_Viśeṣastava_Szántó	anchor	2	533	100.0	600.0	400	129	656		T01
SA_K03_psp_2-3u	anchor	50	320	350.0	450.0	400	341	461	Pañcaviṃśatisāhasrikā Prajñāpāramitā II-III [Pañcaviṃśatisāhasrikāprajñāpāramitāsūtra]	K03
SA_K14_mpsu_w_u	anchor	39	304	350.0	450.0	400	343	460	Mahāparinirvāṇasūtra	K14
SA_K10_n443u	anchor	3	735	350.0	450.0	401	343	461	Mahāmeghasūtra	K10
SA_T07_vakobhau	anchor	159	541	380.0	390.0	401	360	446	Abhidharmakośabhāṣya	T07
SA_GR14_vaimp__u	anchor	79	-631	300.0	500.0	401	286	512	Vaikhānasamantrapraśna	GR14
SA_GK21_ttrkhy2u	anchor	6	683	100.0	499.0	403	183	618	Tantrākhyāyika 2	GK21
SA_T10_bsa067_u	inferred	1	331			404	-167	882	Bhavasaṃkrāntiparikathā	T10
SA_K10_bsu026_u	inferred	1	297			404	-174	966	Pratītyasamutpādamahāyānasūtra	K10
SA_GK21_ttrkhy1u	anchor	9	671	100.0	499.0	405	189	614	Tantrākhyāyika 1	GK21
SA_GR12_paumacariyau	inferred	180	365			405	-62	863		GR12
SA_T06_vasvvmsu	anchor	3	338	350.0	430.0	408	353	502	Viṃśatikā vijñaptimātratāsiddhi [Viṃśikāvṛtti]	T06
SA_GK19_amaru_u	anchor	12	904	350.0	450.0	408	350	466	Amaruśataka	GK19
SA_GSD36_yajn2_pu	anchor	21	665	300.0	500.0	410	301	504	Yājñavalkyasmṛti	GSD36
SA_GS41_lagrvvju	anchor	1	619	300.0	499.0	410	297	528	Ṛgvedavedāṅgajyotiṣa	GS41
SA_T08_suvrnavu	anchor	23	690	300.0	499.0	411	292	525	Suvarṇavarṇāvadāna	T08
SA_K10_dvtasutu	anchor	1	105	200.0	648.0	412	183	598	Devatāsūtra	K10
SA_K01_n2900u	inferred	8	553			412	-71	885	Maṃjuśrīpārājikā	K01
SA_T03_bsa050_u	anchor	8	708	300.0	499.0	413	297	525	Pāramitāsamāsa	T03
SA_GR13_pasupspu	anchor	2	-43	300.0	500.0	415	299	530	Pāśupatasūtra	GR13
SA_K10_anitysuu	inferred	1	369			416	-144	975	Anityatāsūtra [Āryānityatāsūtra]	K10
SA_GSP31_iskgaudu	anchor	11	475	300.0	499.0	416	305	531	Sāṃkhyakārikā [Sāṃkhyasaptati]	GSP31
SA_K10_sf258_sc	inferred	1	449			416	-144	891		K10
SA_GP12_visnup_u	anchor	119	566	300.0	500.0	417	303	535	Viṣṇu-Purāṇa	GP12
SA_GSP31_isvskaru	anchor	2	521	300.0	499.0	417	301	533	Sāṃkhyakārikā [Sāṃkhyasaptati]	GSP31
SA_GR12_thanangasutu	inferred	18	399			418	-40	885		GR12
SA_GS25_paiyalacchiu	inferred	6	492			418	-108	958		GS25
SA_T06_n1333u	inferred	1	301			419	-156	976	Cittatattvasaṅgraha	T06
SA_GK19_kmeghdpu	anchor	3	448	380.0	455.0	421	371	470	Meghadūta	GK19
SA_GK19_ragh	anchor	10	450	380.0	455.0	421	373	468	Raghuvaṃśa	GK19
SA_GK20_ksakunpu	anchor	25	919	380.0	455.0	421	372	470	Abhijñānaśākuntala	GK20
SA_GK19_kakumspu	anchor	13	622	380.0	455.0	421	374	469	Kumārasambhava	GK19
SA_GK19_meghdk_u	anchor	5	633	380.0	455.0	421	372	470	Meghadūta	GK19
SA_GK19_ragh1-6u	anchor	10	450	380.0	455.0	421	372	469	Raghuvaṃśa	GK19
SA_GK19_kmeghvpu	anchor	3	466	380.0	455.0	421	375	469	Meghadūta	GK19
SA_GK19_kragh_pu	anchor	33	564	380.0	455.0	422	372	469	Raghuvaṃśa	GK19
SA_GK19_kalrs_pu	anchor	4	782	380.0	455.0	422	374	470	Ṛtusaṃhāra	GK19
SA_GSP31_iskar_u	anchor	2	1034	300.0	499.0	422	306	538	Sāṃkhyakārikā [Sāṃkhyasaptati]	GSP31
SA_K14_sf259_sc	inferred	7	125			422	-69	920		K14
SA_K10_bsu008_u	inferred	2	437			422	-101	961	Āryabuddhabalādhānaprātihāryavikurvāṇanirdeśanāma Mahāyānasūtra	K10
SA_K01_bsu011_u	anchor	1	372	350.0	500.0	423	335	509	Bodhisattvaprātimokṣasūtra	K01
SA_T06_bsa073_u	anchor	21	333	350.0	499.0	423	337	512	Ratnagotravibhāga [Ratnagotravibhāga Mahāyānottaratantraśāstra, Ratnagotravibhāga-Mahāyāna-Uttaratantra, Uttaratantra]	T06
SA_XX_vratisasanau	inferred	6	384			424	-122	977		XX
SA_GSP33_brssbh4u	anchor	16	1216	-200.0	400.0	425	154	714	Brahmasūtra: Adhyāya 4	GSP33
SA_K10_bsu036_u	anchor	74	389	350.0	500.0	425	340	510	Saddharmapuṇḍarīkasūtra	K10
SA_GSP31_jaymangu	anchor	21	803	300.0	499.0	426	312	536	Sāṃkhyakārikā [Sāṃkhyasaptati]	GSP31
SA_K01_n2896u	inferred	3	709			428	-75	943	Śrīlokeśvarabhāṣitaparājikā	K01
SA_GR13_pasupbhu	anchor	36	674	300.0	500.0	429	313	541	Pāśupatasūtra	GR13
SA_T08_sghancsu	anchor	5	761	350.0	500.0	430	339	521	Śrighanācārasaṃgraha	T08
SA_GSP33_brsgor4u	anchor	10	1327	-200.0	400.0	432	145	711	Brahmasūtra: Adhyāya 4	GSP33
SA_K10_n552u	inferred	2	475			432	-96	978	Āryābuddhabalādhānaprātihāryavikurvaṇanirdeśanāma mahāyānasūtra	K10
SA_GSP33_brsvbh4u	anchor	13	1299	-200.0	400.0	433	148	722	Brahmasūtra: Adhyāya 4	GSP33
SA_GS24_vakyp1pu	anchor	41	579	380.0	450.0	433	389	483	Vākyapadīya	GS24
SA_T01_Nāgārjuna_Dharmadhātustava_Szántó	anchor	2	638	200.0	600.0	434	220	644		T01
SA_GS24_vakyp_pu	anchor	22	570	380.0	450.0	434	389	481	Vākyapadīya 1.1–3.7	GS24
SA_K10_n269u	inferred	1	452			435	-115	987	Āryatriratnānusmṛtisūtra	K10
SA_GR14_vdhapadu	anchor	167	615	200.0	500.0	435	271	600	Viṣṇudharma	GR14
SA_K10_sf137_sc	inferred	1	428			436	-140	993		K10
SA_GSP33_brssbh3u	anchor	38	1165	-200.0	400.0	437	150	726	Brahmasūtra: Adhyāya 3	GSP33
SA_K10_samghscu	anchor	27	412	400.0	475.0	437	388	487	Saṃghāṭasūtra [Saṅghāṭasūtra]	K10
SA_K14_n3013u	inferred	63	273			440	-15	901		K14
SA_K01_n2894u	inferred	1	1051			441	-142	992	Saddharmapārājikā	K01
SA_GSP33_brssbh1u	anchor	56	1145	-200.0	400.0	442	152	714	Brahmasūtra: Adhyāya 1	GSP33
SA_XX_sanhyantattu	inferred	1	487			445	-178	1083		XX
SA_K10_sf68_sc	inferred	1	522			445	-131	1014		K10
SA_K14_bsu015_u	anchor	1	312	300.0	570.0	445	295	597	Ekādaśamukha	K14
SA_GS26_sbhami_u	anchor	3	1042	150.0	600.0	445	204	692	Āptamīmāṃsā	GS26
SA_GSP33_brssbh2u	anchor	44	1210	-200.0	400.0	446	171	715	Brahmasūtra: Adhyāya 2	GSP33
SA_K10_mahapratihau	inferred	2	552			446	-71	974		K10
SA_XX_ganapatitatu	inferred	3	473			447	-127	1028		XX
SA_K10_ayuhparu	inferred	4	502			448	-63	958	Āyuḥparyantasūtra	K10
SA_K10_bsu019	anchor	27	508	300.0	599.0	451	289	618	Kāraṇḍavyūha Sūtra [Avalokiteśvaraguṇa-Kāraṇḍavyūha(sūtra)]	K10
SA_T10_cansisy2	anchor	3	740	400.0	500.0	451	392	511	Śiṣyalekha (alternate)	T10
SA_GE07_bhg4c13u	inferred	15	865			451	-10	926	Bhagavadgītā 13	GE07
SA_GSP33_brssgo4u	anchor	24	1306	-200.0	400.0	451	167	742	Brahmasūtra: Adhyāya 4	GSP33
SA_T04_bsa058_u	anchor	4	458	400.0	499.0	452	393	509	Bhavasaṅkrāntiṭīkā	T04
SA_K10_n206u	anchor	3	557	300.0	600.0	453	282	624	Avikalpapraveśadhāraṇī [Avikalpapraveśadhāraṇīsūtra]	K10
SA_T09_hjatm	anchor	32	955	400.0	500.0	454	395	514	Jātakamālā	T09
SA_GK19_ksyadndu	anchor	1	833	400.0	499.0	455	394	514	Śyāmalādaṇḍaka	GK19
SA_GP12_vipce_pu	anchor	126	774	400.0	500.0	455	396	511	Viṣṇu-Purāṇa	GP12
SA_K01_vinv05_u	anchor	12	178	350.0	600.0	457	319	601	Carmavastu	K01
SA_K10_n526u	inferred	7	532			458	-23	974	Sarvatathāgatādhiṣṭhānavyūhasūtra	K10
SA_T10_n2902u	inferred	1	642			458	-137	1037	Daṇḍikathā	T10
SA_XX_sanhyanmahau	inferred	3	493			459	-121	1029		XX
SA_T10_subhrk_u	anchor	6	713	300.0	600.0	459	289	625	Subhāṣitaratnakaraṇḍakathā	T10
SA_GSP33_brssgo1u	anchor	121	1275	-200.0	400.0	463	182	743	Brahmasūtra: Adhyāya 1	GSP33
SA_GSP33_brsgor2u	anchor	55	1293	-200.0	400.0	463	183	735	Brahmasūtra: Adhyāya 2	GSP33
SA_GSP33_brsgor1u	anchor	66	1311	-200.0	400.0	463	192	747	Brahmasūtra: Adhyāya 1	GSP33
SA_K01_n2892u	inferred	6	714			464	-24	940	Vajrasatvapārājikā [Vajrasattvapārājikā]	K01
SA_GSP33_brssgo2u	anchor	86	1296	-200.0	400.0	464	190	744	Brahmasūtra: Adhyāya 2	GSP33
SA_GP12_mtp176pu	anchor	178	630	200.0	600.0	465	253	679	Matsya-Purāṇa	GP12
SA_GSP33_brsgor3u	anchor	32	1319	-200.0	400.0	465	189	742	Brahmasūtra: Adhyāya 3	GSP33
SA_T07_nagdhdbu	inferred	1	516			467	-137	1042	Dharmadhātugarbhavivaraṇa	T07
SA_GSP33_brsvbh2u	anchor	42	1341	-200.0	400.0	468	183	747	Brahmasūtra: Adhyāya 2	GSP33
SA_XX_sanhyankamau	inferred	4	558			470	-110	1035		XX
SA_K10_bsu032_u	anchor	2	123	300.0	700.0	471	255	687	Sukhāvatyamṛtavyūha [Sukhāvatī(amṛta)vyūhasūtra] aka the Smaller Sukhāvatīvyūha	K10
SA_GSP33_brsvbh3u	anchor	36	1343	-200.0	400.0	471	186	757	Brahmasūtra: Adhyāya 3	GSP33
SA_K10_bsu037_u	inferred	7	544			471	-16	957	Sarvatathāgatādhiṣṭhānavyūhasūtra	K10
SA_GSP33_brssgo3u	anchor	68	1302	-200.0	400.0	472	191	744	Brahmasūtra: Adhyāya 3	GSP33
SA_T13_n2940u	anchor	6	711	100.0	700.0	472	175	765	Triratnasaundaryagāthā	T13
SA_T14_nagcitpu	anchor	7	548	300.0	599.0	474	303	640	Citralakṣaṇa	T14
SA_K10_bsu013_u	inferred	1	687			474	-108	1020	Āryacaturdharmanirdeśasūtra	K10
SA_XX_slokantarau	inferred	4	558			475	-89	1040		XX
SA_K10_bsu025_u	inferred	1	759			475	-96	1036	Nairātmyaparipṛcchāmahāyānasūtra	K10
SA_K10_bsu045_u	anchor	22	332	425.0	550.0	476	409	515	Saṃghāṭa Sūtra	K10
SA_GSP33_brsvbh1u	anchor	82	1331	-200.0	400.0	477	194	756	Brahmasūtra: Adhyāya 1	GSP33
SA_T05_n1110u	inferred	9	623			479	-45	1008	Bodhyāpattideśanāvṛtti	T05
SA_K10_sukhvysu	anchor	2	275	300.0	700.0	481	267	698	Sukhāvatyamṛtavyūha [Sukhāvatī(amṛta)vyūhasūtra] aka the Smaller Sukhāvatīvyūha	K10
SA_GK20_sypadatu	anchor	11	1038	455.0	510.0	485	436	534	Pāḍatāḍitaka	GK20
SA_K07_bsu033_u	anchor	14	494	300.0	700.0	487	284	702	Sukhāvatīvyūha	K07
SA_K10_bsu034_u	anchor	73	441	425.0	575.0	487	408	534	Samādhirājasūtra	K10
SA_K12_ekmuhr_u	anchor	2	413	400.0	564.0	487	393	583	Ekādaśamukhahṛdaya	K12
SA_K14_sf273_sc	inferred	1	-69			489	-58	1055		K14
SA_GSP29_nysvbh1u	anchor	60	999	-150.0	450.0	492	218	777	Nyāyasūtra + Bhāṣya	GSP29
SA_GS24_prakrtapraku	inferred	28	407			493	30	957		GS24
SA_K14_bsu002_u	anchor	3	502	400.0	587.0	496	389	602	Āmoghapāśanāmahṛdaya sūtra [Ārya amoghapāśahṛdaya nāma mahāyānasūtra]	K14
SA_K14_amoghapu	anchor	3	509	400.0	587.0	496	393	603	Āmoghapāśanāmahṛdayasūtra [Āryāmoghapāśanāmahṛdayasūtra]	K14
SA_GSP34_patanjalayou	inferred	16	330			498	33	986		GSP34
SA_T07_sthtattva4	inferred	2	638			499	-41	1050		T07
SA_K07_sukhvylu	anchor	24	594	300.0	700.0	499	289	704	Sukhāvatīvyūha	K07
SA_K12_n221u	anchor	1	540	300.0	645.0	499	311	690	Ṣaṇmukhīdhāraṇī	K12
SA_T01_anon_Saptajinastava_Szántó	anchor	1	768	100.0	800.0	500	156	838		T01
SA_T07_vabhdiku	anchor	12	403	450.0	600.0	501	419	594	Abhidharmadīpakārikā	T07
SA_T07_vabhdilu	anchor	9	455	450.0	600.0	502	421	600	Abhidharmadipakārikā	T07
SA_K10_bsu021_u	anchor	59	662	425.0	575.0	502	421	589	Saddharmalaṅkāvatārasūtra [Laṅkāvatārasūtra]	K10
SA_K12_Āgama_Dhvajāgrakeyūrādhāraṇī_Szántó	anchor	1	449	300.0	654.0	503	312	694		K12
SA_K12X_bsu017_u	inferred	1	451			503	-415	1399	Hayagrīvavidyā	NA
SA_K14_msudarsu	inferred	3	304			504	-24	1043	Mahāsudarśanāvadāna	K14
SA_K12_Āgama_Mahādhāraṇī_Szántó	anchor	1	292	200.0	700.0	505	248	760		K12
SA_K06_vchedppu	anchor	4	32	425.0	600.0	506	401	609	Vajracchedikā Prajñāpāramitā [Vajracchedikāprajñāpāramitāsūtra]	K06
SA_T04_n1002u	anchor	1	719	470.0	540.0	506	458	554	Hastavālaprakaraṇavṛtti	T04
SA_MB_ugracandapujapaddhatiHK	inferred	5	-634			506	-3	1035	Unknown: ugracaṇḍapūjāpaddhati	MB
SA_K10_adbhutdu	anchor	1	-153	425.0	600.0	508	404	608	Adbhutadharmaparyāya [Adbhutadharmaparyāyasūtra]	K10
SA_GP12_sivap	anchor	245	611	400.0	600.0	509	401	626	Śiva-Purāṇa	GP12
SA_T03_bsa011_u	anchor	1	508	480.0	540.0	510	463	559	Prajñāpāramitāpiṇḍārtha	T03
SA_GSD36_katy2p_u	anchor	21	696	400.0	600.0	510	394	627	Kātyāyanasmṛti [Kātyāyanasmṛtisāroddhāra]	GSD36
SA_GSD36_brhasp_u	anchor	27	663	400.0	600.0	511	398	630	Bṛhaspatismṛti	GSD36
SA_GSP33_bbdip12u	anchor	29	1347	-200.0	450.0	511	206	808	Brahmasūtra: Adhyāya 1, Pāda 2	GSP33
SA_T11_bsa002_u	anchor	1	815	480.0	540.0	512	463	559	Ālambanaparīkṣāvṛtti	T11
SA_K06_vchedpgu	anchor	2	-20	400.0	650.0	512	373	654	Vajracchedikā Prajñāpāramitā [Vajracchedikāprajñāpāramitāsūtra]	K06
SA_GSD36_nars2_pu	anchor	19	755	400.0	600.0	514	396	631	Nāradasmṛti	GSD36
SA_GSP34_yogasubha	anchor	7	310	375.0	650.0	514	358	666	Yogasūtrabhāṣya	GSP34
SA_GSD36_brhasppu	anchor	27	863	400.0	600.0	515	400	632	Bṛhaspatismṛti: Vyavahārakāṇḍa	GSD36
SA_K12_n283u	anchor	4	517	400.0	650.0	517	383	591	Bhaiṣajyaguruvaidūryaprabharājasūtra	K12
SA_T06_abhsubhu	anchor	46	375	470.0	570.0	518	459	579	Abhidharmasamuccayabhāṣya	T06
SA_K12_bsu012_u	anchor	4	428	400.0	650.0	518	386	590	Bhaiṣajyaguruvaidūryaprabharājasūtra	K12
SA_T01_n904u	inferred	1	251			519	-44	1085	Kalyāṇatriṃśatikāstotra	T01
SA_K06_bsu052_u	anchor	6	48	450.0	600.0	519	432	609	Saptaśatikā prajñāpāramitā [Saptaśatikaprajñāpāramitāsūtra]	K06
SA_T06_sthtvbh	anchor	11	510	490.0	550.0	519	469	567	Triṃśikāvijñaptibhāṣya [Triṃśikābhāṣya]	T06
SA_T06_sthmavtyg	anchor	53	506	490.0	550.0	519	471	568	Madhyāntavibhāgaṭīkā (Yamaguchi)	T06
SA_T06_pskvbhu	anchor	26	491	490.0	550.0	519	470	566	Pañcaskandhakavibhāṣā	T06
SA_T06_sthmavt1	anchor	12	506	490.0	550.0	519	472	568	Madhyāntavibhāgaṭīkā Chapter 1	T06
SA_T06_sthmavt	anchor	45	509	490.0	550.0	519	470	568	Madhyāntavibhāgaṭīkā	T06
SA_GSD36_narads_u	anchor	19	564	400.0	600.0	520	419	627	Nāradasmṛti	GSD36
SA_T17_byogalbu	anchor	14	580	300.0	699.0	521	312	733	Buddhist Yoga Manual	T17
SA_GSP33_bbdip13u	anchor	44	1350	-200.0	450.0	522	227	825	Brahmasūtra: Adhyāya 1, Pāda 3	GSP33
SA_K10_srajsgiu	anchor	21	526	450.0	600.0	523	432	608	Samādhirājasūtra	K10
SA_GP12_mkp1-93u	anchor	98	662	200.0	700.0	523	279	773	Mārkaṇḍeya-Purāṇa	GP12
SA_T01_Nāgārjuna_Narakoddharastava_Szántó	anchor	1	714	200.0	800.0	525	224	832		T01
SA_T01_n810u	inferred	1	265			526	-57	1090	Maṅgalāṣṭaka	T01
SA_T15_n1144u	inferred	3	482			528	-161	1222	Nītiśāstra	T15
SA_K10_ekottaru	anchor	11	329	400.0	700.0	530	357	704	Ekottarāgama [Ekottarāgamasūtra]	K10
SA_K10_avsata_u	anchor	124	386	400.0	700.0	531	368	694	Avadānaśataka	K10
SA_T13_n3004u	inferred	1	438			535	-117	1160	Paścāttāpa	T13
SA_K12_dhvajkeu	anchor	1	157	400.0	654.0	535	385	683	Dhvajāgrakeyurā-dhāraṇī	K12
SA_GR12_sarvarthasiu	inferred	60	639			535	67	1005		GR12
SA_K10_dbsu1-4u	anchor	3	357	400.0	700.0	536	366	703	Daśabalasūtra	K10
SA_T04_n1003u	anchor	21	695	500.0	570.0	537	488	586	Madhyamakahṛdaya	T04
SA_T01_n870u	inferred	1	315			538	-32	1101	Buddhastotra	T01
SA_K12_dhvajkdu	anchor	1	355	400.0	654.0	538	398	686	Dhvajāgrakeyurā-dhāraṇī	K12
SA_GSP32_padarthadhau	inferred	5	707			539	1	1068		GSP32
SA_XX_vrhaspatitau	inferred	3	822			539	-34	1112		XX
SA_T17_bsa007_u	inferred	11	410			540	51	1035	Dharmasaṃgraha	T17
SA_K10_ahovcs_u	inferred	8	724			540	50	1023	Ahorātravratacaityasevānuśaṃsāvadāna	K10
SA_T01_Candragomin_Deśanāstava_Szántó	anchor	2	625	400.0	675.0	541	385	696		T01
SA_GR12_surasumdariu	inferred	87	670			542	74	1004		GR12
SA_K10_bsu009_u	anchor	2	273	450.0	650.0	543	426	663	Maitreyavyākaraṇa [Maitreyavyākaraṇasūtra]	K10
SA_T04_mulamadhyamu	inferred	10	443			544	61	1028		T04
SA_T02_psarkdhu	anchor	1	562	475.0	600.0	545	468	619	Pratisarākalpadhāraṇī	T02
SA_T01_n837u	inferred	2	481			546	-3	1081	Pīṭhastava	T01
SA_GSD36_yssoutpu	anchor	3	779	100.0	800.0	547	220	882	Yamasmṛti	GSD36
SA_GV05_agsas_4u	anchor	9	-438	500.0	699.0	547	434	665	Āgamaśāstra 4: Alātaśāntiprakaraṇa	GV05
SA_T01_pratityasamu	inferred	1	437			547	8	1116		T01
SA_GV05_agsas_2u	anchor	4	-370	500.0	799.0	549	386	718	Āgamaśāstra 2: Vaitathyaprakaraṇa	GV05
SA_K12_n2949u	inferred	79	304			549	107	1012	Dhāraṇīsaṃgraha	K12
SA_GV05_gmandk_u	anchor	5	-441	500.0	699.0	550	436	667	Māṇḍūkya-Upaniṣadkārikā [Gauḍapādakārikā, Māṇḍūkyakārikā, Āgamaśāstra]	GV05
SA_GV05_agsas_3u	anchor	6	-462	500.0	700.0	550	436	665	Āgamaśāstra 3: Advaitaprakaraṇa	GV05
SA_T08_jsphustu	anchor	21	663	500.0	600.0	550	491	609	Sphuṭārthā Śrīghanācārasaṃgrahaṭīkā	T08
SA_GP12_vd2127_u	anchor	1	-270	400.0	699.0	550	386	722	Viṣṇudharmottara-Purāṇa: Atharvavidhikathana [Atharvavidhāna]	GP12
SA_T01_Jñānayaśas_Jātakastava_Szántó	anchor	1	676	400.0	700.0	552	386	716		T01
SA_T11_n634u	anchor	3	511	500.0	600.0	553	493	612	Nyāyapraveśakasūtra	T11
SA_K12_Āgama_Amoghapāśahṛdaya_Szántó	anchor	1	416	520.0	587.0	555	507	604		K12
SA_K12_mpratpru	anchor	12	464	400.0	693.0	558	395	719	Mahāpratisarā-vidyārājñī [Mahāpratisarādhāraṇī(sūtra)]	K12
SA_T01_n893u	inferred	1	531			559	15	1133	Caṇḍikādaṇḍakastotra	T01
SA_T01_prahanapurau	inferred	1	565			559	-10	1143		T01
SA_GSP32_paddhs_u	anchor	8	987	400.0	699.0	562	396	728	Padārthadharmasaṃgraha	GSP32
SA_T01_n890u	inferred	1	511			563	-7	1136	Svayaṃbhūstava	T01
SA_T17_n958u	inferred	43	484			563	100	1028	Bauddhatantrakośa I	T17
SA_GP12_narsippu	anchor	71	614	400.0	700.0	564	396	732	Narasiṃha-Purāṇa	GP12
SA_T13_n2976u	inferred	1	643			564	-58	1211	Saṅgītamālikā	T13
SA_K12_maricdhu	anchor	1	254	400.0	699.0	564	394	730	Mārīcīnāmadhāraṇī	K12
SA_MB_agnikaaryapaddhatiHK.	inferred	32	-90			564	112	1006	Unknown: agnikāryapaddhati	MB
SA_T01_n896u	inferred	1	549			565	7	1138	Dharmadhātuvāgīśvaramaṇḍalastotra	T01
SA_T01_n871u	inferred	1	521			565	3	1116	Nāmāṣṭaśatakaya	T01
SA_T01_n879u	inferred	1	566			566	-9	1140	Śākyasiṃhastotra: yaśodharākṛtam	T01
SA_K12_mahpratu	anchor	12	585	400.0	693.0	566	406	727	Mahāpratisarāmahāvidyārājñī	K12
SA_T01_n805u	inferred	1	600			567	3	1142	Ākāśagarbhanāmāṣṭottaraśatastotra	T01
SA_T01_n853u	inferred	1	553			567	-5	1132	Mañjuśrīnāmāṣṭottaraśatakastotra [Āryamañjuśrīnāmāṣṭottaraśatakastotra]	T01
SA_GSD36_ys-78_pu	anchor	2	1045	100.0	800.0	568	242	899	Yamasmṛti	GSD36
SA_K10_maivy_pu	anchor	6	618	450.0	700.0	568	424	709	Maitreyavyākaraṇa [Maitreyavyākaraṇasūtra]	K10
SA_T01_n2888u	inferred	1	597			568	10	1147	Dvādaśakāranayastotra	T01
SA_T01_n868u	inferred	1	568			569	-21	1119	Buddhabhaṭṭārakastotra	T01
SA_T01_desanastavau	inferred	2	597			570	32	1132		T01
SA_T01_n829u	inferred	1	644			572	13	1156	Saptavidhānuttarastotra	T01
SA_T01_n898u	inferred	1	610			573	19	1140	Vajrapāṇināmāṣṭottaraśatastotra	T01
SA_T07_yabhkvyu	anchor	368	622	550.0	600.0	574	525	624	Sphuṭārthā Abhidharmakośavyākhyā	T07
SA_GP12_vd3343pu	anchor	10	865	400.0	699.0	575	407	745	Viṣṇudharmottara-Purāṇa	GP12
SA_T01_n826u	inferred	1	603			576	17	1146	Rūpastava	T01
SA_T01_n885u	inferred	1	658			576	25	1139	Kamalākarasarvatathāgatastotra	T01
SA_T01_n895u	inferred	1	661			576	7	1134	Mahogratārāstuti	T01
SA_T01_n845u	inferred	1	662			576	13	1136	Hāratīstotra	T01
SA_K12_Āgama_Sumukhā_Szántó	anchor	1	-62	200.0	900.0	578	240	922		K12
SA_K12_mekhdh_u	inferred	1	-337			579	32	1147	Mekhalā-dhāraṇī	K12
SA_T01_n875u	inferred	1	663			579	18	1144	Śākyasiṃhastotra: navagrahakṛtam	T01
SA_T15_bsa060_u	inferred	2	665			579	-126	1316	Śatagāthā	T15
SA_T01_n908u	inferred	1	659			579	11	1147	Vajrayoginīpraṇāmaikaviśikā	T01
SA_GSP28_mjnya02u	anchor	16	531	400.0	699.0	579	420	749	Jaiminīyanyāyamālāvistara: Adhyāya 2	GSP28
SA_GK19_bhakirpu	anchor	21	582	400.0	699.0	580	413	744	Kirātārjunīya	GK19
SA_K12_Āgama-Jayasena_Ḍākārṇavatantra-15-Ratnapadmarāganidhi_Sugiki_2022	inferred	44	355			581	119	1028		K12
SA_GSP28_mjnya03u	anchor	36	572	400.0	699.0	581	418	741	Jaiminīyanyāyamālāvistara: Adhyāya 3	GSP28
SA_T01_n838u	inferred	1	587			582	7	1139	Ṣaṭtriṃśatsaṃvarastuti	T01
SA_T01_dharmadhatuu	inferred	3	637			582	73	1115		T01
SA_T02_msitvatu	anchor	2	575	400.0	700.0	582	410	755	Mahāśītavatī vidyārājñī	T02
SA_GS24_siddhantakau	inferred	367	598			582	119	1035		GS24
SA_T01_n814u	inferred	1	688			582	38	1166	Avalokiteśvarāṣṭakastotra	T01
SA_T01_n818u	inferred	1	636			582	6	1142	Avalokiteśvarāṣṭottaraśatanāmastotra	T01
SA_GSP28_mjnya04u	anchor	15	605	400.0	699.0	583	413	746	Jaiminīyanyāyamālāvistara: Adhyāya 4	GSP28
SA_T01_n877u	inferred	1	675			583	8	1123	Śākyasiṃhastotra: surapatikṛtam	T01
SA_T01_n878u	inferred	1	642			584	0	1143	Śākyasiṃhastotra: viṣṇukṛtam	T01
SA_T01_n850u	inferred	1	637			584	7	1168	Mahācakravartināmāṣṭottaraśatastotra	T01
SA_K08_bsu029_u	anchor	13	524	560.0	610.0	584	535	633	Rāṣṭrapālaparipṛcchā [Rāṣṭrapālaparipṛcchāsūtra]	K08
SA_T01_n822u	inferred	1	687			585	19	1148	Narakoddhārastotra	T01
SA_T01_srihevajrabu	inferred	1	650			585	-12	1147		T01
SA_K07_pplg202u	anchor	3	115	500.0	700.0	586	468	705	Larger Prajñāpāramitā [Pañcaviṃśatisāhasrikā Prajñāpāramitā, Pañcaviṃśatisāhasrikāprajñāpāramitāsūtra]	K07
SA_T01_n894u	inferred	1	684			587	55	1160	Mahogratārāṣṭakastotra	T01
SA_K03_psp_4u	anchor	56	267	500.0	700.0	588	472	704	Pañcaviṃśatisāhasrikā Prajñāpāramitā IV [Pañcaviṃśatisāhasrikāprajñāpāramitāsūtra]	K03
SA_T01_n813u	inferred	1	699			589	10	1136	Avalokiteśvarahayagrīvadhāraṇī	T01
SA_GK22_bharst_u	anchor	13	1227	500.0	650.0	589	500	675	Śatakatraya: 1. Nītiśataka, 2. Śṛṅgāraśataka, 3. Vairāgyaśataka	GK22
SA_T01_n911u	anchor	1	289	400.0	799.0	589	374	806	Vasudhārānāmadhāraṇīstotra	T01
SA_K03_psp_5u	anchor	51	333	500.0	700.0	589	476	700	Pañcaviṃśatisāhasrikā Prajñāpāramitā V [Pañcaviṃśatisāhasrikāprajñāpāramitāsūtra]	K03
SA_T01_n889u	inferred	1	655			590	27	1131	Mañjuvajrastotra	T01
SA_T01_n905u	inferred	1	660			591	37	1146	Vajradevīstotra	T01
SA_GSP28_mjnya01u	anchor	20	724	400.0	699.0	591	430	758	Jaiminīyanyāyamālāvistara: Adhyāya 1	GSP28
SA_K01_vinsutru	anchor	65	687	500.0	699.0	591	476	703	Vinayasūtra	K01
SA_T01_n812u	inferred	1	767			591	34	1155	Avadhānastotra [Vandanāstava]	T01
SA_K03_psp_6-8u	anchor	50	360	500.0	700.0	591	473	701	Pañcaviṃśatisāhasrikā Prajñāpāramitā VI-VIII [Pañcaviṃśatisāhasrikāprajñāpāramitāsūtra]	K03
SA_T01_n821u	inferred	1	689			592	14	1139	Lokeśvarastotra	T01
SA_T01_n861u	anchor	1	617	400.0	800.0	592	373	815	Pañcarakṣādevīstotrāṇi	T01
SA_K01_bsu058_u	anchor	31	764	500.0	699.0	592	478	706	Vinayasūtra [1: Pravrajyāvastu]	K01
SA_T01_n824u	inferred	1	701			593	28	1155	Rakṣākāla(kara)stava	T01
SA_K10_tbimbk_u	anchor	1	690	500.0	700.0	593	477	708	Tathāgatabimbakārāpaṇasūtra	K10
SA_T01_n809u	inferred	1	777			594	30	1182	Tārāstuti [Āryatārāstuti]	T01
SA_K14_n191u	inferred	6	612			595	97	1099	Kaṭhināvadāna	K14
SA_GV06_keskaupu	anchor	149	-938	900.0	1399.0	596	342	845	Kauśikapaddhati	GV06
SA_K12_Āgama_Siddhayogeśvarīmatatantra_Torzok_1999	inferred	10	365			596	111	1086		K12
SA_T09_jatkstpu	anchor	1	684	500.0	699.0	597	476	718	Jātakastava	T09
SA_T01_n888u	inferred	1	733			598	31	1165	Maṅgalaṣoḍaśastuti	T01
SA_T01_nairatmyayau	inferred	1	799			598	42	1158		T01
SA_T01_n882u	inferred	1	764			599	41	1153	Saptabuddhastotra	T01
SA_T01_n844u	inferred	1	757			599	33	1159	Gaṇeśastotra	T01
SA_K14_mahavastuavu	inferred	40	619			600	151	1058		K14
SA_T01_n880u	inferred	1	698			600	39	1166	Sattvārādhanagāthā	T01
SA_T01_n869u	inferred	1	742			601	55	1175	Buddhagadyaya [Buddhagajjaya]	T01
SA_K12_mprsvdhu	anchor	3	540	550.0	650.0	601	543	661	Mahāpratisarāvidyādhāraṇī	K12
SA_GS41_aryabhcu	anchor	92	619	500.0	699.0	601	489	717	Āryabhaṭīya	GS41
SA_T01_n852u	inferred	1	742			602	12	1168	Vajramahākālastotra	T01
SA_GK19_dandkc_u	anchor	36	697	550.0	650.0	603	544	663	Daśakumāracarita	GK19
SA_GS41_aryabh_u	anchor	3	658	500.0	699.0	603	484	724	Āryabhaṭīya	GS41
SA_GS24_samanv_u	inferred	5	697			604	76	1109	Samanvayadiś	GS24
SA_T01_devatisayasu	inferred	1	878			604	54	1179		T01
SA_K05_adsp70-u	anchor	33	266	550.0	675.0	604	532	676	Aṣṭādaśasāhasrikā Prajñāpāramitā [Aṣṭādaśasāhasrikāprajñāpāramitāsūtra]	K05
SA_T01_n825u	inferred	1	845			604	43	1159	Ratnamālāstotra	T01
SA_GK19_bhattiku	anchor	43	801	550.0	650.0	605	546	667	Rāvaṇavadha [Bhaṭṭikāvya]	GK19
SA_GP12_brndp1_u	anchor	77	353	300.0	1000.0	606	289	913	Brahmāṇḍa-Purāṇa 1	GP12
SA_K05_adsp55-u	anchor	35	258	550.0	675.0	606	532	681	Aṣṭādaśasāhasrikā Prajñāpāramitā [Aṣṭādaśasāhasrikāprajñāpāramitāsūtra]	K05
SA_T11_dhkprviu	anchor	1	764	550.0	660.0	606	545	671	Pramāṇaviniścaya	T11
SA_T11_dhksparu	anchor	2	737	550.0	660.0	607	543	672	Sambandhaparīkṣā	T11
SA_K10_bsu006_u	anchor	5	344	550.0	675.0	607	535	681	Ajitasenavyākaraṇa	K10
SA_T11_dhknyayu	anchor	4	648	550.0	660.0	607	542	671	Nyāyabindu	T11
SA_T11_samtasi	anchor	1	808	550.0	660.0	608	542	672	Saṃtānāntarasiddhi	T11
SA_T11_bsa063_u	anchor	2	832	550.0	660.0	608	542	673	Sambandhaparīkṣā	T11
SA_K14_visvantu	inferred	4	633			608	102	1096	Viśvantarāvadāna	K14
SA_T02_mpvv_u	anchor	1	558	500.0	693.0	608	495	724	Mahāpratisarāvidyāvidhi	T02
SA_T11_dhnyabpu	anchor	61	757	550.0	660.0	608	544	671	Nyāyabinduprakaraṇa	T11
SA_K12_manivdhu	anchor	1	715	500.0	706.0	609	490	729	Mahāmaṇivipulavimānaviśvasupratiṣṭhitaguhyaparamarahasyakalparājadhāraṇī [Mahāmaṇivipulavimānaviśvasupratiṣṭhitaguhyaparamarahasyakalparājadhāraṇīsūtra]	K12
SA_T01_n817u	inferred	1	811			609	25	1168	Avalokiteśvarastotra	T01
SA_T01_visesastavau	inferred	3	733			610	87	1143		T01
SA_T01_n901u	inferred	1	841			610	47	1164	Māravijayastotra	T01
SA_T04_bsa053_u	anchor	9	629	570.0	650.0	610	562	657	Madhyamakāvatāra	T04
SA_T11_dhkprvku	anchor	23	706	600.0	660.0	610	544	659	Pramāṇavārttikakārikā	T11
SA_GS26_jaytuppu	anchor	21	968	500.0	699.0	610	496	723	Tattvopaplavasiṃha	GS26
SA_T04_n847u	anchor	1	818	570.0	650.0	610	560	659	Madhyamakaśāstrastuti	T04
SA_K14_ajitsvyu	anchor	7	454	550.0	675.0	610	538	684	Ajitasenavyākaraṇa	K14
SA_T11_pramanvu	anchor	29	660	600.0	660.0	611	546	658	Pramāṇavārttika	T11
SA_T04_canprasu	anchor	103	696	570.0	650.0	611	561	660	Prasannapadā [Madhyamakaśāstravṛtti]	T04
SA_T04_n2980u	anchor	8	746	570.0	650.0	611	562	659	Madhyamakāvatārakārikā	T04
SA_GK17_prakrtapainu	inferred	13	386			611	124	1111		GK17
SA_T01_suprabhatasu	inferred	1	852			611	65	1173		T01
SA_GK19_suvasavu	anchor	13	718	500.0	699.0	611	498	730	Vāsavadattā	GK19
SA_T01_n842u	inferred	2	789			613	79	1163	Buddhagaṇḍīstava	T01
SA_K12_bsu035_u	anchor	26	475	525.0	700.0	613	513	713	Suvarṇaprabhāsasūtra [Suvarṇaprabhāsottama(sūtra), Suvarṇabhāsottama-sūtra, Suvarṇa(pra)bhāsottama-sūtrendrarāja]	K12
SA_GK19_danddk1u	anchor	18	719	500.0	699.0	614	497	725	Daśakumāracarita: Ucchvāsas 3, 5 & 6	GK19
SA_GK20_mmatvipu	anchor	9	364	600.0	630.0	614	564	662	Mattavilāsaprahasana	GK20
SA_GS41_surysidu	anchor	11	611	300.0	900.0	614	328	904	Sūryasiddhānta	GS41
SA_T01_srihevajrasu	inferred	2	797			615	70	1153		T01
SA_T14_n1279u	inferred	4	478			615	53	1174	Ātreyatilaka	T14
SA_T04_acatstvu	inferred	2	655			616	77	1153	Catuḥstavasamāsārtha [Catuḥstavasamārtha]	T04
SA_T13_bghsic_u	inferred	14	712			618	122	1139	Siddhārthacaritrakāvya	T13
SA_MB_kalottaragamaHK	anchor	77	660	500.0	700.0	618	503	736	Unknown: kālottara	MB
SA_K12_bsu055_u	inferred	1	-49			619	89	1189	Kauśikaprajñāpāramitāsūtra	K12
SA_GSP33_gaukarpu	anchor	5	1343	500.0	699.0	620	507	736	Āgamaśāstra [Gauḍapādakārikā, Gauḍapādīyakārikā]	GSP33
SA_GS24_prakrtaprak2u	inferred	1	993			620	31	1212		GS24
SA_MB_T-334-sarvajnanottaramHK	anchor	29	728	550.0	675.0	621	550	693	Unknown: sarvajñānottara	MB
SA_GR13_kirtm_pu	anchor	4	1039	500.0	700.0	621	503	736	Kiraṇatantra	GR13
SA_MB_BrahmayamalaHK	anchor	38	791	500.0	700.0	621	508	731	Unknown: brahmayāmala	MB
SA_MB_sivadharma_nandiproktaHK	anchor	5	1034	500.0	700.0	623	510	742	Unknown: śivadharma nandiprokta	MB
SA_GSP29_snyayvpu	anchor	29	977	480.0	700.0	623	496	747	Nyāyāvatāra	GSP29
SA_K14_ahovk1_u	inferred	3	755			625	109	1152	Ahorātravratakathā 1	K14
SA_GP12_skp	anchor	941	521	550.0	700.0	625	538	713	Skandapurāṇa	GP12
SA_K03_pspdut2u	anchor	129	428	500.0	800.0	625	465	794	Pañcaviṃśatisāhasrikā Prajñāpāramitā [Pañcaviṃśatisāhasrikāprajñāpāramitāsūtra]	K03
SA_T04_alokamalanau	inferred	6	660			625	135	1126		T04
SA_GS41_tikaniku	anchor	3	630	550.0	699.0	625	537	711	Tikanikayātrā	GS41
SA_GS41_vivahapu	anchor	2	625	550.0	699.0	625	536	715	Vivāhapaṭala	GS41
SA_GS41_brhajj_u	anchor	2	616	550.0	699.0	625	539	711	Bṛhajjātaka	GS41
SA_GK20_hpriydpu	anchor	18	404	606.0	647.0	625	576	674	Priyadarśikā	GK20
SA_GK20_hdratn_u	anchor	18	391	606.0	647.0	625	577	673	Ratnāvalīnāṭikā	GK20
SA_GS41_brhats_u	anchor	70	604	550.0	699.0	625	538	710	Bṛhatsaṃhitā	GS41
SA_T01_n881u	anchor	1	650	606.0	647.0	625	578	674	Suprabhātastotra	T01
SA_GS41_yogay1_u	anchor	12	623	550.0	699.0	626	534	712	Yogayātrā	GS41
SA_T11_bsa059_u	anchor	2	713	600.0	660.0	626	574	674	Santānāntarasiddhi	T11
SA_T01_Harṣa_Suprabhātastava_Szántó	anchor	1	832	606.0	647.0	626	578	674		T01
SA_T01_Harṣa_Aṣṭamahācaityavandanā_Szántó	anchor	1	661	606.0	647.0	626	577	676		T01
SA_GS41_yogay2_u	anchor	11	630	550.0	699.0	627	535	712	Yogayātrā	GS41
SA_T01_Harṣa_Mārajitstotra_Szántó	anchor	1	741	606.0	647.0	627	578	675		T01
SA_K12_bsu007_u	anchor	2	438	500.0	750.0	628	486	773	Śrīmahādevīvyākaraṇa [Śrīmahādevīvyākaraṇasūtra, Dvādaśadaṇḍakanāmāṣṭaśatavimalīkaraṇā]	K12
SA_GK19_bahcar7u	anchor	7	710	606.0	647.0	628	580	677	Harṣacarita: Ucchvāsa 7	GK19
SA_GK16_dkavy	anchor	8	1067	500.0	699.0	628	513	742	Kāvyādarśa	GK16
SA_K12_Āgama_Vasudhārādhāraṇī-NAK-1-1076_Szántó	anchor	2	255	600.0	655.0	628	577	678		K12
SA_GK20_harnagau	anchor	4	1122	606.0	648.0	628	579	677	Nāgānandanāṭaka	GK20
SA_GK19_bahcar3u	anchor	8	624	606.0	647.0	628	580	678	Harṣacarita: Ucchvāsa 3	GK19
SA_GK19_bahcar	anchor	50	646	606.0	647.0	628	580	676	Harṣacarita	GK19
SA_GK19_bahcar6u	anchor	7	698	606.0	647.0	628	579	676	Harṣacarita: Ucchvāsa 6	GK19
SA_GK19_bahcar8u	anchor	8	624	606.0	647.0	628	579	677	Harṣacarita: Ucchvāsa 8	GK19
SA_GK19_bahcar4u	anchor	7	656	606.0	647.0	629	579	678	Harṣacarita: Ucchvāsa 4	GK19
SA_GK19_bahcar5_pu	anchor	6	656	606.0	647.0	629	578	676	Harṣacarita: Ucchvāsa 5	GK19
SA_GK19_bahcar2u	anchor	8	626	606.0	647.0	629	580	678	Harṣacarita: Ucchvāsa 2	GK19
SA_T01_n843u	inferred	2	850			630	101	1172	Gaṇḍīstava	T01
SA_T01_n804u	inferred	3	811			631	115	1146	Vikramāraccivaibhava	T01
SA_T11_dhkhetuu	anchor	10	735	600.0	660.0	631	582	679	Hetubindu	T11
SA_T11_bsa064_u	anchor	15	677	600.0	660.0	631	582	680	Vādanyāya	T11
SA_T11_bsa057_u	anchor	3	672	600.0	660.0	631	583	679	Nyāyabindu Prakaraṇakārikā	T11
SA_T11_dhkvadnu	anchor	17	749	600.0	660.0	631	584	680	Vādanyāya	T11
SA_T11_bsa071_u	anchor	7	753	600.0	660.0	631	583	680	Hetubindu	T11
SA_GK19_bankad1u	anchor	17	603	600.0	660.0	632	583	681	Kādambarī	GK19
SA_K12_Āgama_Adhyardhaśatikā-Prajñāpāramitā-Khotanese-ms_Szántó	anchor	1	501	600.0	663.0	632	582	682		K12
SA_K03_pvspl_u	anchor	4	388	500.0	800.0	632	460	803	Pañcaviṃśatisāhasrikā Prajñāpāramitā [Pañcaviṃśatisāhasrikāprajñāpāramitāsūtra]	K03
SA_GS41_brsphutu	anchor	5	662	598.0	668.0	633	585	681	Brāhmasphuṭasiddhānta	GS41
SA_GR12_dvadasaramnu	inferred	360	870			640	185	1097		GR12
SA_GR13_stkal_pu	anchor	7	629	500.0	750.0	643	503	786	Sārdhatriśatikālottarāgama	GR13
SA_GR12_pramanamimau	inferred	27	910			643	184	1116		GR12
SA_GS24_jvkasipu	anchor	596	335	600.0	700.0	646	587	705	Kāśikāvṛtti	GS24
SA_GP12_brndp2_u	anchor	117	555	300.0	1000.0	647	343	948	Brahmāṇḍa-Purāṇa 2	GP12
SA_GP12_skp031pu	inferred	35	554			647	197	1112		GP12
SA_T04_n2850u	inferred	1	895			648	68	1236	Svabhāvavāda	T04
SA_T10_cansisyu	anchor	3	801	600.0	699.0	649	588	707	Śiṣyalekha	T10
SA_T11_dhkpvsvu	anchor	66	778	550.0	660.0	650	592	703	Pramāṇavārttikavṛtti [Pramāṇavārttikasvavṛtti]	T11
SA_K12_sdurst_u	anchor	26	622	600.0	700.0	651	593	709	Sarvadurgatipariśodhana Tantra	K12
SA_GSP28_ktv_2-1u	anchor	7	499	600.0	699.0	652	591	709	Tantravārttika 2.1.1–4	GSP28
SA_GK22_vajjalaggamu	inferred	23	519			652	189	1119		GK22
SA_K14_n192u	inferred	22	745			653	188	1109	Mahāsattvamaṇicūḍamahārājabodhisattvāvadāna	K14
SA_K12_vajvidhu	anchor	1	395	500.0	799.0	655	482	821	Vajravidāraṇī-dhāraṇī	K12
SA_K12_Āgama_Amoghapāśakalparāja-editions1-4_Szántó	anchor	2	816	600.0	709.0	656	592	724		K12
SA_K12_Āgama_Amoghapāśakalparāja-ch1-7_Szántó	anchor	14	642	600.0	709.0	657	592	718		K12
SA_T14_bsu059_u	inferred	2	575			659	53	1268	Samyaksambuddhabhāṣita pratimālakṣaṇa	T14
SA_T01_n862u	anchor	1	792	600.0	720.0	659	586	732	Pratisarāstotra	T01
SA_GSP28_tantrava	anchor	105	704	620.0	700.0	662	615	709	Mīmāṃsāsūtra Tantravarttika	GSP28
SA_K12_mspram_u	inferred	15	546			666	212	1129	Mahāsāhasrapramardanī	K12
SA_GR12_laghiyastrau	inferred	354	921			667	205	1112		GR12
SA_GP12_vampsm_u	anchor	25	546	450.0	900.0	667	437	899	Vāmana-Purāṇa	GP12
SA_GR12_siddhivinisu	inferred	272	931			670	205	1111		GR12
SA_K12_Āgama_Mahāvairocanābhisaṃbodhitantra-fragment_Szántó	anchor	1	908	640.0	700.0	670	621	719		K12
SA_GP12_vamp__u	anchor	94	582	450.0	900.0	671	436	898	Vāmana-Purāṇa	GP12
SA_K12_n2922u	anchor	6	542	550.0	800.0	673	533	818	Amoghapāśakalparāja Part VII	K12
SA_GK23_gaudavahamu	inferred	27	428			674	155	1171		GK23
SA_MB_paramoksanirasakarikaHK	anchor	10	994	600.0	730.0	675	599	751	sadyojyoti: āṣṭaprakaraṇa paramokṣanirāsakārikā	MB
SA_T14_tarkrplu	inferred	4	690			676	111	1250	Pratyakṣalakṣaṇa	T14
SA_MB_moksakarikaHK	anchor	11	1044	600.0	730.0	676	599	752	sadyojyoti: āṣṭaprakaraṇa mokṣakārikā	MB
SA_GP12_garup1_u	inferred	159	646			677	234	1150	Garuḍa-Purāṇa	GP12
SA_MB_kaalottaratantramHK	anchor	105	647	500.0	800.0	679	514	845	Unknown: kāllotara	MB
SA_T05_nagsaliu	anchor	17	622	600.0	800.0	688	572	798	Śālistambakamahāyānasūtraṭīkā [Āryaśālistambakamahāyānasūtraṭīkā]	T05
SA_K12_n2990u	anchor	2	265	500.0	900.0	688	475	908	Āryaśrīgrahamātṛkā nāma dhāraṇī	K12
SA_GK16_dkavy12u	anchor	10	805	650.0	720.0	688	640	737	Kāvyādarśa	GK16
SA_GSP32_vaissutika	anchor	10	647	600.0	799.0	690	579	805	Vaiśeṣikasūtraṭīkā	GSP32
SA_MB_tattvatrayanirnayaHK	anchor	3	1059	650.0	725.0	690	641	739	sadyojyoti: āṣṭaprakaraṇa tattvatrayanirṇaya	MB
SA_MB_tattvasamgrahaHK	anchor	8	1094	650.0	725.0	691	642	739	sadyojyoti: āṣṭaprakaraṇa tattvasaṃgraha	MB
SA_MB_naresvarapariiksaaHK	anchor	45	1034	650.0	725.0	691	642	740	sadyojyoti: nareśvaraparīkṣā	MB
SA_GP12_lip_1_pu	anchor	138	609	400.0	1000.0	692	416	959	Liṅga-Purāṇa 1	GP12
SA_GK22_subhasiyagau	inferred	3	508			692	163	1241		GK22
SA_GSP33_mndvivpu	anchor	3	1274	660.0	720.0	693	644	742	Vibhramaviveka	GSP33
SA_T01_tarasdhu	anchor	2	685	670.0	720.0	694	646	743	Tārāsragdharāstotra	T01
SA_T01_n806u	anchor	1	640	600.0	799.0	694	580	808	Tārānamaskāraikaviṃśatistotra [Āryatārānamaskāraikaviṃśatistotra]	T01
SA_T11_bsa061_u	anchor	10	832	600.0	760.0	694	626	780	Santānāntarasiddhiṭīkā	T11
SA_GSP33_brasi	anchor	42	1285	660.0	720.0	694	646	743	Brahmasiddhi	GSP33
SA_K12_sarvttsu	anchor	71	609	650.0	750.0	694	640	730	Sarvatathāgatatattvasaṅgraha [Sarvatathāgatatattvasaṃgraha]	K12
SA_GSP33_mbrahsiu	anchor	61	1271	660.0	720.0	695	647	743	Brahmasiddhi	GSP33
SA_GK22_gaharayanaku	inferred	18	604			695	227	1159		GK22
SA_GS41_lilavatu	anchor	20	627	600.0	799.0	696	580	810	Līlāvatī	GS41
SA_K12_madadh_u	anchor	2	154	600.0	800.0	696	583	812	Mahādaṇḍadhāraṇīśītavatī	K12
SA_GK22_chappannayau	inferred	4	591			697	182	1229		GK22
SA_GSP31_yuktdipu	anchor	74	411	600.0	800.0	697	579	811	Yuktidīpikā	GSP31
SA_GS41_bijaganu	anchor	4	633	600.0	799.0	697	586	810	Bījagaṇita	GS41
SA_T09_gopjatmu	anchor	35	783	600.0	800.0	697	587	813	Jātakamālā [Ajātaśatrvavadāna]	T09
SA_T14_stuplaku	inferred	3	734			697	118	1252	Stūpalakṣaṇakārikāvivecana	T14
SA_GK20_bhveni_u	anchor	33	669	650.0	750.0	698	639	757	Veṇīsaṃhāra	GK20
SA_GP12_lip_2__u	anchor	48	654	400.0	1000.0	698	416	975	Liṅga-Purāṇa 2,1–55	GP12
SA_K12_n220u	inferred	1	381			700	138	1264	Nārāyaṇaparipṛcchā āryamahāmāyāvijayavāhinī nāma dhāraṇī	K12
SA_MB_mahaaguhyakaaliividhaanamHK	inferred	5	-60			701	204	1209	Unknown: mahāguhyakālīvidhānam	MB
SA_GK19_maghspvu	anchor	33	540	650.0	750.0	702	642	760	Śiśupālavadha	GK19
SA_GP12_brndp3_u	anchor	86	816	300.0	1000.0	702	405	1010	Brahmāṇḍa-Purāṇa 3	GP12
SA_GP12_kurmp2_u	anchor	57	736	550.0	850.0	703	536	867	Kūrma-Purāṇa 2	GP12
SA_K12_grahmdhu	anchor	2	630	500.0	900.0	704	490	918	Grahamātṛkānāmadhāraṇī	K12
SA_GSP28_mimslovu	anchor	70	890	650.0	750.0	704	646	762	Mīmāṃsāślokavārttika	GSP28
SA_GP12_kurmp1_u	anchor	66	795	550.0	850.0	704	545	872	Kūrma-Purāṇa 1	GP12
SA_K12_n2920u	anchor	8	523	680.0	730.0	705	655	754	Amoghapāśakalparāja Part VI	K12
SA_K12_Āgama_Vajravidāraṇādhāraṇī_Szántó	anchor	1	548	600.0	812.0	706	587	828		K12
SA_GK16_bhakavpu	anchor	12	1122	500.0	799.0	707	543	876	Kāvyālaṃkāra	GK16
SA_GR13_kirtc_pu	anchor	27	1084	550.0	800.0	707	567	853	Kiraṇatantra	GR13
SA_GK16_kavsuvr	anchor	46	1028	500.0	799.0	707	542	873	Kāvyālaṃkāra-sūtra-vṛtti	GK16
SA_T07_vabhdicu	anchor	71	492	450.0	600.0	707	700	736	Vibhāṣāprabhāvṛtti	T07
SA_T03_knavslou	anchor	1	436	660.0	760.0	709	648	768	Navaślokī	T03
SA_K12_vjviddhu	inferred	1	540			712	151	1264	Vajravidāraṇā-dhāraṇī	K12
SA_K12_Āgama_Sarvabuddhasamāyogaḍākinījālaśaṃvara_Szántó	anchor	108	745	675.0	750.0	713	663	761		K12
SA_K06_bsu053_u	anchor	1	470	690.0	740.0	713	663	763	Prajñāpāramitāhṛdayasūtra	K06
SA_MB_nisvaasakaarikaatantram1HK	anchor	63	780	600.0	800.0	714	598	829	Unknown: nisvāsakārikā	MB
SA_GSP33_bhbhg_cu	anchor	80	1091	600.0	799.0	714	600	834	Bhagavadāśayānusaraṇabhāsya	GSP33
SA_T06_trimsikatika	anchor	9	475	690.0	750.0	717	668	765	Triṃśikāṭīkā	T06
SA_GSP34_yogapradipau	inferred	3	946			719	180	1265		GSP34
SA_MB_bhogakarikaHK	anchor	12	1022	600.0	800.0	721	602	837	sadyojyoti: āṣṭaprakaraṇa bhogakārikā	MB
SA_GSD36_angirspu	inferred	28	754			721	262	1193	Āṅgirasasmṛti	GSD36
SA_K12_Āgama_Mañjuśriyamūlakalpa_Szántó	anchor	83	653	550.0	900.0	721	532	904		K12
SA_T04_bsa014_u	anchor	1	577	685.0	763.0	723	674	773	Śikṣāsamuccayakārikā	T04
SA_K12_Āgama_Mañjuśrīnāmasaṃgīti_Vira-Chandra_1966	anchor	4	432	675.0	775.0	724	669	782		K12
SA_K12_bsu056_u	anchor	1	422	675.0	775.0	724	665	783	Adhyardhaśatikā prajñāpāramitā [Adhyardhaśatikāprajñāpāramitāsūtra]	K12
SA_K12_adhsatpu	anchor	3	612	675.0	775.0	725	666	784	Adhyardhaśatikā Prajñāpāramitā [Adhyardhaśatikāprajñāpāramitāsūtra]	K12
SA_K12_paramadyatau	inferred	10	705			726	251	1215		K12
SA_GK19_bhago	anchor	21	925	700.0	750.0	727	679	775	Bhaj-Govindam	GK19
SA_MB_siddhilak.smii-aramikaHK	inferred	13	204			728	245	1196	Unknown: siddhilakṣmī ārāmika	MB
SA_GSP33_brasusau	anchor	101	1209	700.0	750.0	729	681	777	Brahmasūtra (Śaṅkarabhāṣya)	GSP33
SA_T11_sambandhapau	inferred	3	710			734	212	1258		T11
SA_T11_n2992u	anchor	21	690	700.0	770.0	735	687	783	Viśālāmalavatī Pramāṇasamuccayaṭīkā	T11
SA_GK22_saduktikarnu	inferred	130	707			736	284	1183		GK22
SA_GSD36_ys-99_pu	inferred	2	910			738	200	1303	Laghuyamasmṛti	GSD36
SA_GS26_sarvmtsu	inferred	10	983			739	224	1273	Sarvamatasaṃgraha	GS26
SA_T11_tarkabhasau	inferred	15	728			740	280	1223		T11
SA_MB_phe.takapratis.thacandikagnividhiHK	inferred	25	297			741	276	1199	Unknown: pheṭakapratiṣṭhācaṇḍikāgnividhi	MB
SA_MB_mahaalak.smiidiipadaanavidhiHK	inferred	9	202			741	253	1210	Unknown: mahālakṣmīdīpadānavidhiḥ	MB
SA_T04_tat	anchor	22	719	725.0	788.0	743	698	785	Tattvasaṃgraha	T04
SA_MB_madhyapii.thapujavidhiHK	inferred	7	145			745	253	1219	Unknown: madhyapīṭhapūjāvidhi	MB
SA_T11_arhebt_u	anchor	65	775	700.0	790.0	745	694	797	Hetubinduṭīkā	T11
SA_T11_arhebt2u	anchor	60	762	700.0	790.0	745	693	799	Hetubinduṭīkā	T11
SA_T11_pramanantaru	inferred	13	731			745	277	1207		T11
SA_K12_tarb108u	inferred	1	695			747	176	1299	Tārābhaṭṭārikānāmāṣṭottaraśatakastotra	K12
SA_T06_n1290u	anchor	4	373	720.0	780.0	747	696	794	Bāhyarthasiddhikārikānāma	T06
SA_T04_sanssr	anchor	84	594	700.0	799.0	747	690	804	Śikṣāsamuccaya	T04
SA_T04_bsa003_u	anchor	19	748	700.0	799.0	747	690	806	Bodhicaryāvatāra [Bodhisattvacaryāvatāra]	T04
SA_GR12_hsasvrpu	anchor	15	881	700.0	799.0	748	690	806	Śāstravārtāsamuccaya	GR12
SA_T04_santbcpu	anchor	19	779	700.0	799.0	748	690	807	Bodhicaryāvatāra [Bodhisattvacaryāvatāra]	T04
SA_T03_n1146u	anchor	149	793	700.0	799.0	749	690	808	Abhisamayālaṃkārāloka [Abhisamayālaṅkārāloka]	T03
SA_T11_bsa066_u	anchor	12	651	700.0	799.0	749	691	806	Nyāyapraveśapravṛtti	T11
SA_K12_Āgama_Mañjuśrīmūlakalpa_Shastri_1925	anchor	54	635	700.0	800.0	749	690	810		K12
SA_GK21_brkas_pu	anchor	180	560	600.0	899.0	750	581	919	Bṛhatkathāślokasaṃgraha	GK21
SA_T11_sbpramvu	anchor	19	776	700.0	799.0	750	691	808	Pramāṇavārttikaṭīkā	T11
SA_T11_pramanavart2u	inferred	6	751			751	250	1275		T11
SA_GK19_mala	anchor	91	619	700.0	800.0	751	694	810	Mālatīmādhava	GK19
SA_GK21_hitop_u	anchor	38	620	700.0	800.0	751	694	809	Hitopadeśa	GK21
SA_GSP31_tatsuvru	inferred	5	539			751	245	1266	Tattvasamāsasūtravṛtti [Kramadīpikā]	GSP31
SA_MB_guhyasamaajatantraHK	anchor	35	717	725.0	775.0	752	704	799	Unknown: guhyasamājatantra	MB
SA_GR13_mrgt4mpu	anchor	2	789	700.0	800.0	752	694	810	Mṛgendrāgama [Mṛgendratantra]: 4. Yogapāda	GR13
SA_GS40_vagaah_u	anchor	183	498	700.0	800.0	752	692	811	Aṣṭāṅgahṛdayasūtra	GS40
SA_MB_aryamanjusrimulakalpa2HK	anchor	75	594	700.0	800.0	752	690	810	Unknown: āryamañjuśrīmūlakalpam Part 2	MB
SA_GR13_mrgt3mpu	anchor	3	766	700.0	800.0	752	693	810	Mṛgendrāgama [Mṛgendratantra]: 3. Caryāpāda	GR13
SA_MB_aryamanjusrimulakalpa3HK	anchor	47	712	700.0	800.0	753	694	812	Unknown: āryamañjuśrīmūlakalpam Part 3	MB
SA_MB_mrgendraHK	anchor	94	1039	700.0	800.0	755	696	814	Unknown: mṛgendrāgama	MB
SA_MB_mantrakosaHK	inferred	55	350			755	293	1208	āśāditya tripāṭhi: mantrakoṣa	MB
SA_T11_vadanyayatiu	inferred	39	749			755	310	1215		T11
SA_T11_n1226u	anchor	42	746	725.0	788.0	757	708	806	Vādanyāyaṭīkā	T11
SA_T02_n1426u	anchor	6	778	725.0	788.0	758	709	805	Tattvasiddhi	T02
SA_GSP34_rajamartandu	inferred	22	932			760	284	1240		GSP34
SA_T11_n2848u	inferred	4	765			764	234	1261	Bauddha manīṣā- Bauddheṣu Pramāṇamīmāṃsā	T11
SA_T11_pramanavart3u	inferred	193	777			764	311	1224		T11
SA_GS40_bhelasamhitu	inferred	43	449			765	309	1231		GS40
SA_T04_bsa047	anchor	20	712	740.0	795.0	766	717	816	Bhāvanākrama	T04
SA_T03_kamvchtu	anchor	31	767	740.0	795.0	766	719	815	Prajñāpāramitāvajracchedikāṭīkā	T03
SA_MB_jnanasiddhyagamaHK	inferred	17	338			766	305	1236	Unknown: jñānasiddhyāgama	MB
SA_MB_kalasaarcanavidhiHK	inferred	8	248			767	282	1245	Unknown: kalaśārcanavidhi of siddhalakṣmīdevī	MB
SA_T04_ksmadhlu	anchor	49	787	740.0	795.0	767	719	816	Madhyamakāloka	T04
SA_T11_samanyadusau	inferred	1	825			770	212	1315		T11
SA_MB_uddharakosaHK	inferred	16	365			771	304	1235	Unknown: uddhārakośa	MB
SA_K12_bsu003_u	anchor	1	210	700.0	850.0	771	683	860	Aparimitāyuḥsūtra	K12
SA_K06_bsu028pu	anchor	7	436	750.0	800.0	771	723	822	Ratnaguṇasaṃcayagāthā	K06
SA_MB_durgarcanasrtiHK	inferred	89	404			772	316	1205	lakṣmīnārāyaṇa goswāmī: durgārcanaṣṛti	MB
SA_K12_n259u	anchor	1	149	700.0	850.0	772	683	860	Aparimitāyunāmamahāyānasūtra	K12
SA_GR13_devikapu	anchor	2	980	600.0	900.0	772	605	942	Devīkālottara-Āgama	GR13
SA_K12_Āgama_Mañjuśrīnāmasaṃgīti_Minaev_1887	anchor	5	479	750.0	800.0	773	725	823		K12
SA_MB_satsahasrakalottaragamaHK	anchor	48	784	600.0	900.0	773	610	938	Unknown: ṣatṣahasrakālottarāgama	MB
SA_T11_pramanavartu	inferred	311	805			773	333	1222		T11
SA_MB_urddhvamnayapujavidhiHK	inferred	12	336			773	290	1267	Unknown: urddhvāmnāyapūjāvidhi	MB
SA_K12_manjnspu	anchor	3	586	750.0	800.0	774	727	822	Mañjuśrīnāmasaṃgīti	K12
SA_K12_Āgama_Mañjuśrīnāmasaṃgīti_Mukherji_1963	anchor	7	602	750.0	800.0	774	726	822		K12
SA_MB_nisvasakarikatantramHK	anchor	62	760	600.0	900.0	774	608	937	Unknown: niśvāsakārikā	MB
SA_GSP32_vvmanmhu	inferred	18	1228			774	282	1276	Mānamanohara	GSP32
SA_K12_Āgama_Mañjuśrīnāmasaṃgīti_Davidson_1981	anchor	7	517	750.0	800.0	774	725	822		K12
SA_K12_manjn1pu	anchor	5	490	750.0	800.0	774	726	823	Mañjuśrīnāmasaṃgīti	K12
SA_K12_Āgama_Mahāmāyātantra_Damron_2014	inferred	11	812			776	292	1244		K12
SA_T02_n692u	anchor	40	760	750.0	800.0	777	729	825	Cakrasaṃvaratantra Vol. 2	T02
SA_T11_tattvasangru	inferred	269	800			777	327	1227		T11
SA_T11_isvaravadimu	inferred	2	865			778	256	1326		T11
SA_GK16_udkassku	anchor	2	923	750.0	800.0	778	729	826	Kāvyālaṃkārasārasaṃgraha	GK16
SA_T11_avayavinirau	inferred	3	818			778	237	1310		T11
SA_T04_tatpa	anchor	247	804	740.0	795.0	779	736	824	Tattvasaṃgrahapañcikā	T04
SA_GK16_udkass_u	anchor	25	1016	750.0	800.0	779	730	826	Kāvyālaṃkārasārasaṃgraha	GK16
SA_T11_sarvajnasidu	inferred	1	950			779	221	1355		T11
SA_K12_Āgama-Kamalanātha_Hevajratantra-Ratnāvalī_Conlon_2023	inferred	54	833			780	334	1233		K12
SA_K10_arthaviniscaya	anchor	28	685	760.0	810.0	782	734	831	Arthaviniścayasūtra + Nibandhana	K10
SA_T03_bsa031_u	anchor	22	727	750.0	820.0	782	734	832	Abhisamayālaṅkāravṛttiḥ sphuṭārthā	T03
SA_T11_vadasthananu	inferred	2	843			783	231	1327		T11
SA_K12_ganphrdu	anchor	1	418	600.0	1000.0	785	564	1003	Gaṇapatihṛdaya-Dhāraṇī	K12
SA_MB_SvacchandatantraHK	anchor	240	1001	700.0	850.0	785	702	874	Unknown: svacchandatantra	MB
SA_T11_vedapramanyu	inferred	1	957			786	209	1347		T11
SA_T11_dharmottarau	inferred	40	830			786	345	1250		T11
SA_GK22_subhasiyapau	inferred	2	880			787	220	1338		GK22
SA_MB_asesakulavallariHK	inferred	3	17			788	258	1316	gaṇananāthabhaṭṭa: aśeṣakulavallarī	MB
SA_MB_moksasopanaHK	inferred	10	331			790	299	1260	kāṇḍadvayātītayogī: mokṣasopāna	MB
SA_T02_n2877u	inferred	8	535			791	289	1280	Bauddha pāribhāṣikāḥ śabdāḥ	T02
SA_K12_n2967u	anchor	29	690	700.0	899.0	795	680	908	Śrīguhyasamājatantra	K12
SA_T11_kgpramv	anchor	187	764	750.0	850.0	799	742	856	Pramāṇavārttikavṛtti Commentary	T11
SA_T02_n2988u	anchor	12	620	750.0	850.0	800	741	859	Jñānasiddhi	T02
SA_T02_n1424u	anchor	9	703	775.0	825.0	800	751	849	Śrīguhyasamājamaṇḍalavidhi	T02
SA_T02_n2914u	anchor	1	304	750.0	850.0	800	741	863	Śrīsahajasiddhi	T02
SA_K12_Āgama_Laghuśamvaratantra	anchor	16	856	750.0	850.0	801	742	858		K12
SA_MB_brahmasandhanaHK	inferred	10	375			801	347	1276	Unknown: brahmasandhāna	MB
SA_GR13_svact_pu	anchor	74	685	700.0	900.0	801	687	916	Svacchandatantra [Svacchandabhairavatantra]	GR13
SA_GS40_astangasangu	inferred	239	540			802	373	1247		GS40
SA_GK19_damkuttu	anchor	21	806	775.0	825.0	802	752	849	Kuṭṭanīmata	GK19
SA_GR13_malinivu	anchor	26	678	700.0	900.0	802	688	918	Mālinīvijayottaratantra	GR13
SA_GP12_sivap1_u	inferred	32	906			802	335	1243		GP12
SA_MB_siddhalaksmipujapaddhatiHK	inferred	7	309			803	301	1271	Unknown: siddhalakṣṃīpūjāpaddhati	MB
SA_GK19_bahcar1u	inferred	8	606			804	311	1320		GK19
SA_GR13_mrgt1mpu	anchor	9	805	700.0	900.0	806	691	922	Mṛgendrāgama [Mṛgendratantra]: 1. Vidyāpāda	GR13
SA_MB_saubhagyataranginiHK	inferred	28	459			806	341	1264	mukunda: saubhāgyataraṅgiṇī	MB
SA_MB_kalottaratantraHK	anchor	57	738	700.0	900.0	806	685	924	Unknown: kāllotara	MB
SA_GS40_vrndamadhavu	inferred	71	551			806	366	1266		GS40
SA_MB_amsumatkaasyapaamgamaHK	inferred	83	488			807	360	1262	Unknown: aṃśumatkāśyapāgama	MB
SA_GSP30_vijnbhau	anchor	3	949	700.0	900.0	807	692	925	Vijñānabhairava	GSP30
SA_GSP30_partr_pu	anchor	1	950	700.0	900.0	808	691	923	Parātriṃśikā	GSP30
SA_MB_vijnanabhairavaHK	anchor	3	660	700.0	900.0	808	693	926	Unknown: vijñānabhairava	MB
SA_MB_maliniivijayottaraHK	anchor	28	780	700.0	900.0	809	688	923	Unknown: mālinīvijayottaratantra	MB
SA_GSP30_timudghu	anchor	8	959	700.0	899.0	809	695	922	Timirodghāṭana	GSP30
SA_MB_siddhilaksmiidevyarcanaHK	inferred	5	256			810	322	1289	Unknown: siddhilakṣmīdevyārcana	MB
SA_T17_n996u	anchor	23	459	800.0	825.0	810	761	859	Mahāvyutpatti	T17
SA_T02_dipguhsu	anchor	9	675	770.0	850.0	810	760	860	Guhyasamājamaṇḍalavidhi	T02
SA_K12_srisarvabudu	inferred	13	885			811	327	1286		K12
SA_GP11_brahmppu	anchor	290	591	600.0	1300.0	812	488	1154	Brahma-Purāṇa	GP11
SA_T02_n2908u	inferred	4	505			812	308	1306	Balimālikā	T02
SA_GS40_kalyanakaraka	anchor	84	913	780.0	840.0	812	764	861	Kalyāṇakāraka	GS40
SA_T02_n2982u	anchor	5	674	800.0	825.0	813	766	861	Mañjuvajramukhyākhyāna	T02
SA_T02_n1399u	anchor	3	846	775.0	850.0	814	764	861	Kāṇhapādasya dohākoṣa	T02
SA_T02_n2952u	inferred	61	654			814	373	1266	Bauddhadharme tathā purāṇeṣu karuṇā	T02
SA_GK16_vamkalsu	anchor	4	897	700.0	899.0	814	700	928	Kāvyālaṅkārasūtra	GK16
SA_GSD36_ys182_pu	inferred	4	1085			815	304	1333	Bṛhadyamasmṛti	GSD36
SA_GS40_yogasatu	anchor	3	577	600.0	999.0	816	606	1041	Yogaśataka	GS40
SA_T02_caryamelapau	inferred	21	641			816	354	1273		T02
SA_GK16_vamkalvu	anchor	23	1124	700.0	899.0	817	703	937	Kāvyālaṅkārasūtra	GK16
SA_GSD36_visnu	anchor	29	485	700.0	1000.0	817	649	983	Viṣṇusmṛti	GSD36
SA_GK19_lilavaiu	inferred	27	694			820	360	1280		GK19
SA_MB_vijnanabhairavaanandabhattaHK	anchor	12	1229	700.0	900.0	820	708	939	Unknown: vijñānabhairava with commentary Kaumadi	MB
SA_T11_prpva	anchor	128	765	750.0	899.0	821	736	909	Pramāṇavārttikālaṃkara	T11
SA_T02_n2946u	inferred	34	660			822	357	1278	Paribhāṣāvṛtti	T02
SA_K14_n2947u	anchor	3	574	800.0	850.0	823	774	874	Vajrasattvaniṣpādanasūtra [Vajrasattvasādhana]	K14
SA_T16_n2959u	inferred	64	671			823	350	1286	Vajrayāna darśana mīmāṁsā	T16
SA_MB_NigamasaranirnayaHK	inferred	52	518			825	381	1258	<ramAramaNadeva: nigamasāranirṇaya	MB
SA_GSD36_visnu_pu	anchor	35	585	700.0	1000.0	825	648	996	Viṣṇusmṛti	GSD36
SA_T02_n1413u	anchor	17	784	750.0	900.0	826	739	916	Sarahapādasya dohākoṣa	T02
SA_T02_n2912u	anchor	3	755	750.0	900.0	826	737	914	Prajñopāyaviniścayasiddhi	T02
SA_MB_aniruddhasamhitaaHK	inferred	38	527			828	377	1279	Unknown: aniruddhasaṃhitā	MB
SA_GK19_sattasaiu	inferred	20	711			829	369	1282		GK19
SA_MB_netratantra_HK	anchor	77	1042	800.0	850.0	829	780	875	Unknown: netratantra	MB
SA_K12_bsu004_u	anchor	5	503	700.0	1000.0	830	660	997	Sitātapatrā	K12
SA_MB_siddhilasmiikotyahutidinakrtyaHK	inferred	29	524			830	366	1288	Unknown: siddhilakṣmīkoṭyāhutidinakṛtya	MB
SA_K12_Āgama_Bhūtaḍāmaratantra_Szántó	anchor	12	558	700.0	1000.0	831	658	998		K12
SA_T02_Kamalanāntha_Hevajratantra-RatnāvalI_Conlon_2023	inferred	56	702			833	385	1292		T02
SA_T02_n2984u	inferred	23	691			834	388	1299	Caryāsaṃgraha	T02
SA_GP12_skprevku	anchor	136	755	600.0	1200.0	836	552	1132	Skanda-Purāṇa: Revākhaṇḍa	GP12
SA_T16_madhyamakavu	inferred	9	652			836	344	1341		T16
SA_K12_namekvsu	anchor	1	982	600.0	1100.0	836	574	1096	Namaskāraikaviṃśatistotra [Namastāre-ekaviṃśatistotraguṇasahita/Tārā-ekaviṃśatistotra]	K12
SA_GSP31_tsc_vivu	inferred	3	802			836	300	1362	Sāṃkhyasūtravivaraṇa	GSP31
SA_T16_buddhodayaku	inferred	15	688			837	356	1323		T16
SA_T02_nagpancu	anchor	7	493	800.0	875.0	837	789	885	Pañcakrama	T02
SA_T02_nagpindu	anchor	5	590	800.0	875.0	837	788	886	Piṇḍīkrama	T02
SA_T01_n820u	anchor	4	794	800.0	880.0	839	792	887	Lokeśvaraśataka	T01
SA_GP12_garup	anchor	130	518	700.0	1100.0	839	624	1052	Garuḍa-Purāṇa	GP12
SA_MB_pranagnihotraHK	inferred	2	35			840	325	1362	Unknown: prāṇāgnihotra	MB
SA_T02_n691u	inferred	44	718			840	384	1290	Cakrasaṃvaratantra Vol. 1	T02
SA_K12_mamuka	anchor	182	558	725.0	1000.0	841	689	993	Mañjuśrīmūlakalpa [Āryamañjuśrī Mūlakalpa]	K12
SA_GK19_ravanavahosu	inferred	27	739			841	382	1286		GK19
SA_K12_bsu041_u	anchor	207	579	725.0	1000.0	842	690	994	Mañjuśrīmūlakalpa [Āryamañjuśrī Mūlakalpa]	K12
SA_MB_haharavatantraHK	inferred	82	570			842	386	1302	Unknown: hāhārāvatantra	MB
SA_T02_n3006u	inferred	4	610			843	317	1335	Boudhatantrokta Siddhauṣadhi Saṅgraha	T02
SA_GR14_visvaksu	anchor	84	636	600.0	1000.0	843	628	1044	Viṣvaksenasaṃhitā	GR14
SA_T02_nispannakrau	inferred	4	625			844	333	1344		T02
SA_K12_dakinivajrau	inferred	9	1003			844	372	1332		K12
SA_MB_kaamikaagamauttarabhaagaHK	inferred	157	561			845	413	1297	Unknown: kamikāgama uttarabhāga	MB
SA_K12_Āgama_Buddhakapālatantra-ch9-14_Szántó	anchor	4	827	750.0	950.0	845	728	961		K12
SA_GSP28_mimkosa_02u	inferred	186	703			846	400	1281		GSP28
SA_T02_Prabhākaragupta-Śiromaṇi_Adhyātmasāraśatakaṭīkā_Dhīḥ_1998	inferred	21	720			846	403	1323		T02
SA_GR13_vinst_pu	anchor	8	637	800.0	900.0	848	790	908	Vīṇāśikhatantra	GR13
SA_T02_Candrakīrti_Vajrasattvasādhana_Luo-Tomabechi_2009	anchor	5	683	800.0	900.0	849	790	910		T02
SA_T02_Candrakīrti_Pradīpoddyotana-Guhyasamājatantra_Dhīḥ_2009	anchor	12	641	800.0	900.0	849	790	909		T02
SA_MB_T0274makutagamaHK	inferred	43	576			849	407	1293	Unknown: mukuṭāgama	MB
SA_T02_n2884u	anchor	6	757	825.0	875.0	849	800	898	Samantabhadra nāma sādhana ṭīkā	T02
SA_T02_Kṛṣṇācārya_Yogaratnamālā-Hevajratantra_Tripathi-Negi_2006	anchor	51	697	800.0	900.0	850	791	908		T02
SA_GS40_rasayanakhau	inferred	21	639			850	399	1310		GS40
SA_GSP31_tttvsamu	anchor	1	828	300.0	1400.0	850	410	1281	Tattvasamāsa	GSP31
SA_T11_bsa0554u	anchor	3	798	800.0	900.0	850	790	910	Avayavinirākaraṇa	T11
SA_T02_n798u	inferred	3	566			850	330	1353	Ḍākinījālasaṃvararahasya	T02
SA_GK19_srngt_pu	anchor	10	774	800.0	899.0	850	790	908	Srngaratilaka	GK19
SA_T02_n2886u	anchor	11	696	800.0	900.0	850	791	908	Samājasādhanavyavastholi	T02
SA_MB_TridasadaamaratantresiddhikaaliistotramHK	inferred	12	520			851	360	1340	Unknown: tridaśaḍāmaratantre siddhikaalīstotra	MB
SA_MB_jayakhyasamhitaHK	anchor	106	806	800.0	900.0	851	795	910	Unknown: jayākhyasaṃhitā	MB
SA_GSP30_spandkau	anchor	1	949	800.0	900.0	851	793	909	Spandakārikā	GSP30
SA_MB_amrtabinduupanisatHK	anchor	1	926	800.0	900.0	852	793	909	Unknown: amṛtabindūpaniṣat	MB
SA_GR13_sivsutru	anchor	9	1099	800.0	900.0	853	795	910	Śivasūtra	GR13
SA_GK19_raggancu	inferred	2	661			854	311	1396	Mahāgaṇapatistotra	GK19
SA_T02_sahajadvibhu	inferred	2	569			854	331	1396		T02
SA_GK19_ravanavahou	inferred	27	767			854	394	1303		GK19
SA_T16_vajrapradipu	inferred	4	651			855	319	1387		T16
SA_GK19_jagpranu	inferred	3	697			857	339	1372	Prāṇābharaṇa	GK19
SA_MB_pingalamataHK	anchor	78	685	700.0	1000.0	857	696	1021	Unknown: piṅgalāmata	MB
SA_T02_vadhdhju	inferred	2	579			857	328	1387	Vasudhārādhāraṇī 3 [Vasudhārādhāraṇīsūtra]	T02
SA_GP12_garup2_u	anchor	60	658	700.0	1100.0	857	645	1066	Garuḍa-Purāṇa 2	GP12
SA_T02_n2961u	inferred	7	708			857	366	1337	Tattvajñānasaṁsiddhi-mahāsukharakāśikā-ṭīkā	T02
SA_T02_hevajrapraku	inferred	4	673			858	365	1365		T02
SA_MB_viiraagamaHK	inferred	82	612			859	406	1310	Unknown: vīrāgama	MB
SA_GSP31_kestprau	inferred	2	901			859	311	1397	Sāṃkhyatattvapradīpikā [Sāṃkhyārthatattvapradīpikā]	GSP31
SA_T02_vadhdhdu	inferred	6	702			861	368	1354	Vasudhārādhāraṇī 1 [Vasudhārādhāraṇīsūtra]	T02
SA_T02_nitkarpu	inferred	3	639			861	343	1375	Nityakarmapūjāvidhi	T02
SA_T16_yogasatakamu	inferred	4	659			862	334	1403		T16
SA_GK23_kaulpradsam_u	inferred	11	871			863	333	1406	Pradeśasaṃgraha	GK23
SA_MB_kaamaratnatantraHK	inferred	36	596			863	411	1304	Unknown: kāmaratnatantra	MB
SA_GP12_garup3_u	anchor	41	707	700.0	1100.0	863	643	1068	Garuḍa-Purāṇa 3	GP12
SA_T02_buddhadipuju	inferred	2	613			865	330	1401		T02
SA_K12_bsu050_u	anchor	1	227	700.0	1099.0	866	650	1089	Svalpākṣarā prajñāpāramitā	K12
SA_GSP31_tattvmiu	inferred	3	911			868	344	1399	Tattvamīmāṃsā	GSP31
SA_T16_upasakasamvu	inferred	2	586			868	301	1431		T16
SA_MB_kriyakalagunottaramHK	inferred	39	601			869	405	1315	Unknown: kriyākālaguṇottara	MB
SA_T16_adikarmavat2u	inferred	2	588			870	310	1415		T16
SA_GSP28_mimkosa_04u	inferred	191	773			870	412	1318		GSP28
SA_GR13_sivup_pu	inferred	13	737			871	389	1310	Śiva-Upaniṣad	GR13
SA_T02_srihevajrasu	inferred	3	702			871	326	1391		T02
SA_K12_Āgama_Vajrāmṛtatantra_Szántó	anchor	3	734	800.0	950.0	871	783	960		K12
SA_T11_n1242u	anchor	9	796	700.0	1100.0	872	659	1081	Nyāyabinduṭīkāṭippaṇī	T11
SA_GK19_jalmugpu	inferred	2	724			873	331	1424	Mugdhopadeśa	GK19
SA_T02_bsa006_u	anchor	3	593	825.0	925.0	874	815	934	Cittaviśuddhiprakaraṇa	T02
SA_GSP28_prakp09u	anchor	3	601	800.0	950.0	874	789	965	Prakaraṇapañcikā: Prakaraṇa 9	GSP28
SA_T02_bsa048_u	anchor	5	602	825.0	925.0	874	816	931	Caryāmelāvaṇapradīpa	T02
SA_GSP28_prakp14u	anchor	2	735	800.0	950.0	875	783	966	Prakaraṇapañcikā: Prakaraṇa 14	GSP28
SA_GSP28_prakp05u	anchor	2	682	800.0	950.0	875	787	962	Prakaraṇapañcikā: Prakaraṇa 5	GSP28
SA_GSP28_prakp12u	anchor	2	713	800.0	950.0	875	787	961	Prakaraṇapañcikā: Prakaraṇa 12	GSP28
SA_T02_Jñānacandra_Mahāsukhaprakāśikā-Tattvajñānasaṃsiddhi_DharmodayaSabha_1956	inferred	5	736			875	382	1384		T02
SA_GSP28_prakp06u	anchor	9	882	800.0	950.0	875	791	964	Prakaraṇapañcikā: Prakaraṇa 6	GSP28
SA_GSP28_prakp08u	anchor	7	818	800.0	950.0	875	787	961	Prakaraṇapañcikā: Prakaraṇa 8	GSP28
SA_GSP30_vasspacu	anchor	12	947	850.0	900.0	876	826	924	Spandakārikā	GSP30
SA_GK22_msubhs	inferred	206	1019			876	416	1335	Mahāsubhāṣitasaṅgraha	GK22
SA_GSP29_nyaka	anchor	60	1011	850.0	900.0	876	829	926	Nyāyakalikā	GSP29
SA_GSP28_prakp04u	anchor	5	927	800.0	950.0	876	789	964	Prakaraṇapañcikā: Prakaraṇa 4	GSP28
SA_GSP28_prakp03u	anchor	2	772	800.0	950.0	877	790	965	Prakaraṇapañcikā: Prakaraṇa 3	GSP28
SA_T02_n1403u	inferred	20	793			877	412	1334	Marmakālikā	T02
SA_GSP28_prakp10u	anchor	3	773	800.0	950.0	877	789	964	Prakaraṇapañcikā: Prakaraṇa 10	GSP28
SA_GSP28_prakp01u	anchor	4	926	800.0	950.0	877	790	966	Prakaraṇapañcikā: Prakaraṇa 1	GSP28
SA_GSP28_prakp02u	anchor	1	823	800.0	950.0	877	789	965	Prakaraṇapañcikā: Prakaraṇa 2	GSP28
SA_MB_SpKaavrittivivrtiHK	anchor	32	1078	850.0	900.0	878	829	927	kallaṭa bhaṭṭa: spandakārikā	MB
SA_MB_varahitantramHK	inferred	108	653			878	440	1320	Unknown: vārāhītantra	MB
SA_MB_urdhvamnayadamanarohanapaddhatiHK	inferred	6	517			879	388	1382	Unknown: urddhvāmnāya damanārohaṇapaddhati	MB
SA_T02_n2963u	inferred	1	524			879	300	1426	Āryamāyājālamahātantroddhṛtamaṇḍalagāthāṭippaṇī	T02
SA_T02_abhisekavidu	inferred	3	703			879	348	1398		T02
SA_MB_KaularahasyaHK	inferred	54	645			879	434	1316	Unknown: kaularahasya	MB
SA_MB_KalasamkarsinitippaniHK	inferred	7	528			879	402	1360	Unknown: kalasaṃkarṣinīmatatantraṭippaṇī	MB
SA_K12_Āgama_Ekajaṭākalpa_Szántó	anchor	2	536	750.0	1050.0	880	706	1051		K12
SA_MB_kalaagniyajnavidhiHK	inferred	14	599			880	417	1353	Unknown: kālāgniyajñavidhi	MB
SA_T16_adikarmavatu	inferred	3	700			880	333	1427		T16
SA_T16_kalacakragau	inferred	1	461			881	296	1458		T16
SA_MB_TridasadaamaraapratyaHK	inferred	36	650			881	424	1340	Unknown: tridaśaḍāmarāpratyaṅgirāviśayakanānātantra	MB
SA_GSP29_nyamanu	anchor	155	1007	850.0	910.0	881	835	930	Nyāyamañjari	GSP29
SA_K10_mahama_u	anchor	2	-339	800.0	1100.0	883	714	1049	Mahāmantrānusāriṇī	K10
SA_MB_bhuvanesvarimahastotramHK	inferred	47	640			884	436	1337	pṛthavīdharācārya: bhuvaneśvarīmahāstotra	MB
SA_GK16_rajkmimu	anchor	30	1107	700.0	999.0	885	719	1045	Kāvyamīmāṃsā	GK16
SA_T02_n2932u	inferred	5	770			885	391	1390	Adhyātmasāraśataka [Adhyātmasāraśatakasaṭīka]	T02
SA_GP10_bhp_05u	anchor	15	378	800.0	1000.0	886	770	1003	Bhāgavata-Purāṇa 5	GP10
SA_MB_agamakalpalataHK	inferred	188	674			889	424	1340	yadunātha: āgamakalpalatā	MB
SA_T16_bhavanayogau	inferred	1	548			889	277	1493		T16
SA_MB_siddhilaksmiyutaksaramalamamtraHK	inferred	5	521			890	394	1399	Unknown: siddhilakṣmīkyutākṣaramālāmantra	MB
SA_GSP28_mimkosa_03u	inferred	223	824			891	444	1351		GSP28
SA_MB_cinmayadiksavidhanamHK	inferred	9	588			891	400	1385	Unknown: cinmayadīkṣāvidhāna	MB
SA_GK20_rmc1-3pu	anchor	7	1160	799.0	999.0	891	780	1008	Rāmacaritamahākāvya 1–3	GK20
SA_T02_vadhdhgu	inferred	1	633			891	322	1467	Vasudhārādhāraṇī 2 [Sucandragṛhapatiparipṛcchā/Sucandrāvadāna]	T02
SA_GP10_bhp_04u	anchor	30	668	800.0	1000.0	891	779	1009	Bhāgavata-Purāṇa 4	GP10
SA_GP10_bhp_06u	anchor	18	605	800.0	1000.0	891	772	1008	Bhāgavata-Purāṇa 6	GP10
SA_GP10_bhp_08u	anchor	20	669	800.0	1000.0	891	777	1010	Bhāgavata-Purāṇa 8	GP10
SA_GSP31_ttssarvu	inferred	2	1008			892	340	1424	Sarvopakāriṇī	GSP31
SA_MB_svacchandapaddhatiHK	inferred	45	662			892	422	1337	cidānandanātha: svacchandapaddhati	MB
SA_GP10_bhp_07u	anchor	17	622	800.0	1000.0	892	775	1007	Bhāgavata-Purāṇa 7	GP10
SA_GP12_agp_bi_u	anchor	326	784	750.0	1100.0	892	699	1082	Agni-Purāṇa	GP12
SA_T16_prajnahrdayu	inferred	1	576			892	270	1477		T16
SA_GK19_akadambu	anchor	18	552	799.0	999.0	892	778	1007	Kādambarīkathāsāra	GK19
SA_GP10_bhp_03u	anchor	31	665	800.0	1000.0	892	778	1010	Bhāgavata-Purāṇa 3	GP10
SA_T02_n1401u	inferred	1	671			892	337	1451	Mahāmāyāsādhanopāyikā	T02
SA_MB_diiksottaraHK	inferred	37	669			893	452	1341	Unknown: dīkṣottara	MB
SA_MB_paramesvariitantraHK	inferred	70	675			893	453	1323	Unknown: parameśvarīmatatantra	MB
SA_MB_DeviirahasyaHK	inferred	129	673			893	453	1339	Unknown: devīrahasya	MB
SA_GP10_bhp_09u	anchor	20	703	800.0	1000.0	893	774	1009	Bhāgavata-Purāṇa 9	GP10
SA_GSD36_manubhau	anchor	356	486	820.0	1000.0	894	791	996	Manubhāṣya	GSD36
SA_MB_jnaanasankaliniitantramHK	inferred	3	405			894	355	1406	Unknown: jñānasaṅkalinītantra	MB
SA_GP10_bhp_02u	anchor	9	716	800.0	1000.0	894	782	1009	Bhāgavata-Purāṇa 2	GP10
SA_GP10_bhp_12u	anchor	12	655	800.0	1000.0	894	779	1006	Bhāgavata-Purāṇa 12	GP10
SA_MB_kalikapuranaHK	inferred	176	690			895	469	1345	Unknown: kālikāpurāṇam	MB
SA_MB_kulalasastraHK	inferred	14	639			896	438	1359	Unknown: kulālaśāstra	MB
SA_MB_parakramapujaHK	inferred	30	671			896	436	1361	Unknown: parākramapūjā	MB
SA_T02_n2906u	inferred	2	731			896	363	1421	Mantroddhāra	T02
SA_GP10_bhp_10u	anchor	87	769	800.0	1000.0	896	781	1007	Bhāgavata-Purāṇa 10	GP10
SA_GP10_bhp_11u	anchor	29	763	800.0	1000.0	896	783	1010	Bhāgavata-Purāṇa 11	GP10
SA_GSP28_prakp13u	anchor	8	712	800.0	999.0	897	784	1009	Prakaraṇapañcikā: Prakaraṇa 13, Paricchedas 1 & 2	GSP28
SA_GP10_bhpc101u	anchor	11	853	800.0	1000.0	897	785	1020	Bhāgavata-Purāṇa 10, 29–33	GP10
SA_GK19_bhall_pu	anchor	3	654	800.0	999.0	897	785	1014	Bhallaṭaśataka	GK19
SA_T16_n2916u	inferred	1	563			899	293	1477	Svastyayanagāthā	T16
SA_T02_n1402u	anchor	15	723	850.0	950.0	899	841	957	Mahāmāyātantra	T02
SA_GSP28_prakp11u	anchor	19	794	800.0	999.0	899	782	1013	Prakaraṇapañcikā: Prakaraṇa 11, Paricchedas 1 & 2	GSP28
SA_T02_Saroruha_Hevajra_Gerloff_2017	anchor	3	743	850.0	950.0	900	839	957		T02
SA_GR13_sivmstpu	inferred	2	683			900	349	1430	Śivamahimnastava	GR13
SA_GSP31_kavsttvu	inferred	5	1013			900	405	1391	Sāṃkhyatattvapradīpa	GSP31
SA_MB_KulasaaraHK	anchor	7	609	800.0	1000.0	901	788	1013	Unknown: kulasāra	MB
SA_T02_dvesavajrasu	inferred	2	716			901	348	1445		T02
SA_GSP28_mimkosa_07u	inferred	298	837			901	461	1355		GSP28
SA_T02_sunytjsu	inferred	2	763			901	379	1442	Tattvajñānasaṃsiddhi [Tatvajñānasaṃsiddhi]	T02
SA_GR13_bhnstcpu	anchor	3	864	800.0	1000.0	902	786	1019	Stavacintāmaṇi	GR13
SA_GSP28_mimkosa_06u	inferred	195	838			902	452	1346		GSP28
SA_MB_kaulajnaananirnayaHK	anchor	15	828	800.0	1000.0	902	785	1021	matsyendrānātha: kaulajñānanirṇaya	MB
SA_MB_pauskarasamhitaHK	anchor	120	820	800.0	1000.0	903	792	1016	Unknown: pauṣkara saṃhitā	MB
SA_GSP28_mimkosa_05u	inferred	182	835			903	464	1355		GSP28
SA_MB_uddamaresvaratantramHK	inferred	20	690			903	438	1363	Unknown: uḍḍāmeśvaratantra	MB
SA_MB_yogajagamaHK	inferred	40	694			905	456	1368	Unknown: yogajāgama	MB
SA_T02_Dauḍīpāda-Ghanadeva_Guhyāvalīvivṛti_Dhīḥ_2008	inferred	4	840			906	406	1399		T02
SA_MB_sakalaagamasaarasangrahaHK	inferred	62	706			907	447	1354	Unknown: sakalāgamasārasaṅgraha	MB
SA_GS40_cakradattau	inferred	104	761			907	451	1344		GS40
SA_MB_VamakesvarimataHK	anchor	28	991	800.0	1000.0	908	793	1023	Unknown: vāmakeśvarīmata	MB
SA_MB_vatulottaraHK	inferred	41	696			908	472	1362	Unknown: vatullotarāgama	MB
SA_MB_kulacuu.daama.nitantraHK	anchor	10	999	800.0	1000.0	909	792	1026	Unknown: kulacūḍāmaṇi nigama	MB
SA_MB_bhutasuddhitantra-HK	inferred	12	680			911	442	1406	Unknown: bhūtaśuddhitantra	MB
SA_MB_acintyavisvasadakhyaHK	inferred	135	712			911	459	1353	Unknown: acintyaviśvasādākhyam	MB
SA_GK19_bahcarpu	inferred	1	925			912	346	1469	Harṣacarita: Pariśiṣṭa	GK19
SA_GR14_satvtanu	anchor	13	807	800.0	1000.0	912	800	1026	Sātvatatantra	GR14
SA_K12_Āgama_Vajrārallitantra-testimonia_Szántó	anchor	3	200	800.0	1100.0	913	742	1079		K12
SA_GSP29_nyabhu	anchor	32	956	860.0	960.0	913	854	971	Nyāyabhūṣaṇa	GSP29
SA_MB_STAVACINTAAMANI_hk	anchor	22	1156	800.0	1000.0	914	799	1027	bhaṭṭanārayaṇa: stavacintāmaṇi	MB
SA_MB_sivadrstiHK	anchor	55	1159	875.0	950.0	914	868	962	somānanda: śivadṛṣṭi	MB
SA_MB_kincittantraHK	inferred	7	627			914	425	1387	Unknown: kiñcitatantra	MB
SA_MB_paraatrisikaataatparyadiipikaaHK	anchor	11	1123	875.0	950.0	915	867	964	somānanda II: parātriśikātātparyadīpikā and śāktavijñāna	MB
SA_GSP33_vacbhamu	anchor	172	1336	840.0	980.0	915	832	998	Bhāmatī	GSP33
SA_MB_pratisthalaksanasarasamuccayaHK	inferred	71	737			915	469	1357	Unknown: pratiṣṭhālakṣaṇasārasamuccaya	MB
SA_GSP33_atmabodhapru	inferred	3	1147			915	395	1449		GSP33
SA_T01_n836u	anchor	2	582	850.0	1000.0	916	829	999	Catuḥṣaṣṭisaṃvarastotra	T01
SA_T01_n835u	anchor	1	670	850.0	1000.0	916	825	1006	Cakrasaṃvarastuti	T01
SA_T02_n1398u	inferred	1	721			916	358	1475	Guhyāvalī	T02
SA_GR14_ps27-43u	anchor	76	982	800.0	1000.0	916	797	1028	Pauṣkara-Saṃhitā	GR14
SA_MB_paraanandasutraHK	anchor	34	267	850.0	1000.0	916	831	1004	parānanda muni: parānandasūtra	MB
SA_MB_unmattabhairavaHK	inferred	4	557			917	414	1425	Unknown: unmattabhairava	MB
SA_T01_n909u	anchor	1	760	850.0	1000.0	917	830	1006	Vajrayoginyāḥ piṇḍārthastutiḥ	T01
SA_T02_n2873u	inferred	1	730			919	369	1461	Vāṅmaṇḍalanamaskāraślokāḥ	T02
SA_MB_sivadharmaHK	inferred	30	741			919	455	1375	Unknown: śivadharma	MB
SA_K12_Āgama_Raktayamāritantra-diplomatic_Szántó	anchor	3	835	850.0	1000.0	920	834	1009		K12
SA_MB_m.rtyunjayakalpaHK	inferred	25	716			920	462	1370	Unknown: mṛtyuñjayakalpa	MB
SA_MB_sadhanamala1IHK	anchor	63	805	650.0	1165.0	921	669	1181	benoytosh bhattacharya: sādhanamālā Vol. 1	MB
SA_T16_saroruhavaju	inferred	1	751			925	312	1511		T16
SA_MB_kaalaanalatantraHK	inferred	23	724			925	469	1393	Unknown: kālānalatantra	MB
SA_GR13_somsv_u	anchor	1	799	900.0	950.0	925	876	974	Śāktavijñāna	GR13
SA_GSP31_tsc_simu	inferred	8	1068			925	443	1430	Sāṃkhyatattvavivecana	GSP31
SA_MB_trotalamahatantramHK	inferred	15	701			925	452	1376	Unknown: troṭalātantra	MB
SA_MB_dattatreyabodhaHK	inferred	3	543			926	416	1466	Unknown: dattātreyabodha	MB
SA_MB_yogapiithakramodayaHK	inferred	14	722			928	464	1410	Unknown: yogapīṭhakramodaya	MB
SA_T02_n1416u	anchor	3	667	700.0	1200.0	928	675	1185	Caryāgītikoṣa	T02
SA_GSP28_mimkosa_01u	inferred	197	870			929	479	1374		GSP28
SA_GS40_samapviu	inferred	21	789			929	473	1383	Āyurvedamahodadhau Annapānavidhi	GS40
SA_MB_mohacudottaramHK	anchor	23	765	700.0	1150.0	930	702	1165	Unknown: mohacūḍottara	MB
SA_MB_saundaryalahariHK	anchor	70	1014	700.0	1100.0	932	725	1143	śaṃkarācārya attributed to: saundaryalaharī	MB
SA_MB_mahaalak.smiipuujaavidhiHK	inferred	2	414			932	399	1470	Unknown: mahālakṣmīpūjāvidhiḥ	MB
SA_MB_kriyaasaaratattvaprakaasiniivyaakhyaaHK	inferred	114	764			934	482	1377	Unknown: kriyāsāratattvaprakāśinīvyākhyā	MB
SA_K12_Āgama_Tantrasadbhāva_Bang_2018	anchor	20	665	850.0	1050.0	934	820	1048		K12
SA_GSP28_mimsvtku	anchor	145	743	800.0	1099.0	936	765	1100	Mīmāṃsāślokavārttikakāśikā	GSP28
SA_GS40_kalyanakarau	inferred	114	838			936	478	1393		GS40
SA_MB_kamkaalamaaliniitantraHK	inferred	11	722			937	464	1408	Unknown: kaṅkālamālinītantra	MB
SA_MB_SpandakarikaRamakanthaHK	anchor	20	1039	900.0	975.0	939	891	986	kallaṭa bhaṭṭa: spandakārikā with vivṛtti by rāmakaṇṭha	MB
SA_K12_Āgama_Yoginījālamahātantra-fragment_Szántó	anchor	1	695	850.0	1050.0	939	823	1060		K12
SA_MB_vimalavatiitantraHK	inferred	49	783			940	489	1398	vimalaśiva: vimalāvatītantra	MB
SA_K12_Āgama_Bhagavatyāsvedāmbujāyā-yathālabdhatantrarāja-diplomatic_Szántó	anchor	10	613	800.0	1200.0	940	730	1154		K12
SA_GSP33_samkaubh_u	anchor	14	955	800.0	1099.0	941	777	1104	Kaṭhopaniṣadbhāṣya	GSP33
SA_GK19_aghatkvu	anchor	5	748	800.0	1099.0	941	777	1109	Ghaṭakarparakāvya	GK19
SA_MB_dhyanaratnavaliHK	inferred	38	772			942	485	1394	Unknown: dhyānaratnāvali	MB
SA_GSP31_bhgank_u	anchor	7	1005	800.0	1099.0	942	777	1106	Gaṇakārikā 1	GSP31
SA_MB_JnanarnavaTantraHK	inferred	34	786			942	485	1401	Unknown: jñānārṇavatantra	MB
SA_MB_sukavakyaHK	inferred	3	578			943	397	1471	Unknown: śukavākya	MB
SA_MB_saivakaalavivekaHK	inferred	40	772			944	490	1396	Unknown: śaivakalāviveka	MB
SA_MB_visvasaaratantramHK	inferred	81	798			944	498	1394	Unknown: visvasāratantra	MB
SA_MB_sivadharmottaraHK	inferred	30	787			944	489	1390	Unknown: śivadharmottara	MB
SA_K12_Āgama_Vajrabhairavatantra_Wenta_2020	anchor	4	398	900.0	1000.0	945	887	1005		K12
SA_GR12_sasapa	anchor	5	979	900.0	999.0	945	888	1004	Satyaśāsanaparīkṣā	GR12
SA_MB_RudraYamalaHK	inferred	157	799			945	504	1388	Unknown: rudrayamalatantra uttarakāṇḍa	MB
SA_MB_kakacandesvarimataHK	inferred	14	753			946	498	1415	Unknown: kākacaṇḍeśvarīmata	MB
SA_GP10_bhp_01u	anchor	17	449	900.0	1000.0	946	887	1006	Bhāgavata-Purāṇa 1	GP10
SA_MB_samnyaasaupanisadHK	inferred	57	784			947	482	1388	Unknown: saṃnyāsa upaniṣads	MB
SA_MB_diiksaapaddhatiHK	inferred	43	792			947	493	1408	Unknown: dīkṣāpaddhati	MB
SA_GSP31_stk	anchor	87	735	900.0	1000.0	948	890	1007	Sāṃkhyatattvakaumudī	GSP31
SA_GSP33_bhgsbh	anchor	73	1055	800.0	1099.0	949	777	1110	Bhagavadgītābhāṣya	GSP33
SA_MB_jnaanakaarikaaHK	anchor	2	483	800.0	1100.0	949	785	1115	matsyendrānātha: jñānakārikā	MB
SA_GSP30_utipk_pu	anchor	9	953	925.0	975.0	950	901	1000	Īśvarapratyabhijñāvṛtti	GSP30
SA_MB_candrajnanagamaHK	inferred	24	776			950	481	1410	Unknown: candrajñānāgama	MB
SA_MB_subodhamanjariHK	anchor	1	904	900.0	1000.0	950	891	1009	Unknown: subodhamañjarī	MB
SA_MB_IISVARASIDDHI_hk	anchor	6	997	925.0	975.0	951	901	1001	utpaladeva: īśvarasiddhi	MB
SA_MB_bhagavadgiitaa_ramakanthaHK	anchor	80	978	900.0	1000.0	951	891	1009	Unknown: bhagavadgītā	MB
SA_MB_SAMBANDHASIDDHIHhk	anchor	3	865	925.0	975.0	951	902	999	utpaladeva: sambandhasiddhi	MB
SA_GR13_utsivsau	anchor	9	1099	925.0	975.0	951	902	999	Śivastotrāvālī	GR13
SA_MB_ratnatrayapariksaHK	anchor	17	1072	900.0	999.0	951	895	1008	śrīkaṇṭha: āṣṭaprakaraṇa ratnatrayaparīkṣā	MB
SA_GS40_caraka	inferred	223	867			951	513	1402	Carakasaṃhitā	GS40
SA_GSP33_yasasi_u	anchor	19	1274	900.0	1000.0	951	892	1010	Siddhitraya: Part 3: Saṃvitsiddhi	GSP33
SA_MB_saubhagyabhaskariHK	anchor	113	1030	900.0	1000.0	951	894	1013	Unknown: lalitaasahasranaama	MB
SA_MB_sivastotraavaliiHK	anchor	36	1162	925.0	975.0	951	905	1001	utpaladeva: śivastotravalī	MB
SA_GR13_saulahpu	anchor	4	1064	800.0	1099.0	951	787	1117	Saundaryalaharī	GR13
SA_MB_candrajnanaHK	inferred	3	619			952	421	1474	Unknown: candrajñānāgama	MB
SA_GR14_utajp_pu	anchor	2	827	925.0	975.0	952	903	1001	Ajaḍapramātṛsiddhi	GR14
SA_MB_kuladiipikaaHK	inferred	17	796			953	494	1410	tryambakabhaṭṭaraka: kuladīpikā	MB
SA_GSP27_moksop_u	anchor	404	1396	900.0	1000.0	954	896	1012	Mokṣopāya	GSP27
SA_MB_saktisamgama_sundarikhandaHK	inferred	39	816			954	499	1426	Unknown: śaktisaṃgamatantra sundarīkhanda	MB
SA_K12_Āgama_Saṃvarodayatantra-ch24_Szántó	anchor	1	405	875.0	1050.0	954	852	1056		K12
SA_K12_Āgama_Saṃvarodayatantra-ch16_Szántó	anchor	1	573	875.0	1050.0	955	849	1057		K12
SA_K12_Āgama_Saṃvarodayatantra-ch27_Szántó	anchor	1	558	875.0	1050.0	955	854	1055		K12
SA_K12_Āgama_Saṃvarodayatantra-ch14_Szántó	anchor	1	917	875.0	1050.0	955	855	1060		K12
SA_K12_Āgama_Saṃvarodayatantra-ch15_Szántó	anchor	2	852	875.0	1050.0	955	856	1060		K12
SA_K12_Āgama_Saṃvarodayatantra-ch32_Szántó	anchor	1	865	875.0	1050.0	956	857	1054		K12
SA_GSP33_vivcud_u	anchor	17	1238	800.0	1099.0	956	792	1124	Vivekacūḍāmaṇi	GSP33
SA_GSP35_sa_mokSopAya	anchor	515	1412	900.0	1000.0	956	898	1015	Mokṣopāya	GSP35
SA_K12_Āgama_Saṃvarodayatantra-ch22_Szántó	anchor	1	814	875.0	1050.0	957	852	1060		K12
SA_GS40_grasht_u	anchor	49	999	800.0	1099.0	957	797	1128	Rasahṛdayatantra	GS40
SA_GSP28_durdhpru	anchor	118	1025	800.0	1099.0	957	797	1119	Dharmottarapradīpa	GSP28
SA_MB_nirvanayogottaraHK	inferred	2	531			957	432	1477	Unknown: nirvāṇayogottara	MB
SA_K12_Āgama_Saṃvarodayatantra-ch25_Yamano_2007	anchor	1	1019	875.0	1050.0	958	856	1063		K12
SA_GSP33_samkupad_u	anchor	21	1262	800.0	1099.0	958	793	1125	Upadeśasāhasrī	GSP33
SA_K12_Āgama_Saṃvarodayatantra-ch29_Tsuda_1976	anchor	1	940	875.0	1050.0	959	854	1059		K12
SA_GR14_bhrgus_u	inferred	115	573			960	524	1400	Bhṛgu-Saṃhitā	GR14
SA_GK21_nalacampuu	inferred	20	1009			960	479	1425		GK21
SA_GSP30_adyapppu	inferred	1	953			960	413	1554	Anuttaraprakāśapañcāśikhā	GSP30
SA_K12_Āgama_Saṃvarodayatantra-ch30_Cicuzza_2001	anchor	1	1210	875.0	1050.0	961	853	1061		K12
SA_MB_kalikalpalataHK	inferred	17	796			961	494	1420	vimarśānandanātha: kālīkalpalatā	MB
SA_GR13_sratrppu	anchor	7	987	900.0	1025.0	962	888	1036	Ratnatrayaparīkṣā	GR13
SA_GSP30_vamsbum_u	anchor	1	958	925.0	1000.0	963	915	1011	Svabodhodayamañjārī	GSP30
SA_GK16_kunvjivu	anchor	56	963	800.0	1099.0	963	798	1127	Vakroktijīvita	GK16
SA_MB_niruttaravadaHK	inferred	5	735			963	455	1463	Unknown: niruttaravāda	MB
SA_GP12_nardp2_u	anchor	51	660	875.0	1100.0	964	841	1095	Nārada-Purāṇa 2 [Nāradīya-Purāṇa 2]	GP12
SA_GP12_nardp1_u	anchor	262	714	875.0	1100.0	965	836	1094	Nārada-Purāṇa 1 [Nāradīya-Purāṇa 1]	GP12
SA_MB_mahaavaakyopanisatCSX	inferred	2	621			967	429	1500	Unknown: mahāvākyopaniṣat	MB
SA_MB_umasamhitaHK	inferred	29	833			968	526	1411	Unknown: umāsaṃhitā	MB
SA_T11_jithetuu	anchor	3	627	940.0	1000.0	968	920	1016	Hetutattvopadeśa	T11
SA_T11_jithettu	anchor	4	600	940.0	1000.0	968	918	1016	Hetutattvopadeśa	T11
SA_T11_bsa0555u	anchor	2	784	940.0	1000.0	968	919	1016	Sāmānyadūṣaṇadikprasāritā	T11
SA_MB_maahesvaratantramHK	inferred	65	849			968	517	1410	Unknown: māheśvaratantra	MB
SA_T11_n1238u	anchor	2	691	940.0	1000.0	969	920	1017	Jātinirākṛti	T11
SA_MB_kulanandadiHK	inferred	7	796			969	485	1464	Unknown: kulānandādi	MB
SA_T09_bsu078_u	anchor	83	540	900.0	1099.0	971	859	1085	Bodhisattvāvadānakalpalatā	T09
SA_MB_kulasaraHK	inferred	18	815			971	498	1424	Unknown: kulasāra	MB
SA_MB_vyomavyaapistavaHK	anchor	9	501	950.0	1000.0	973	924	1022	bhaṭṭarāmakaṇṭha: vyomavyāpistava	MB
SA_MB_natyrasatrav2HK	inferred	99	842			973	514	1410	Unknown: nāṭyaśāstram Vol. 2	MB
SA_MB_kamalanamniHK	inferred	133	844			973	535	1416	prāṇamañjarī: kāmyakarmakamalā	MB
SA_T16_tarkrsau	anchor	31	735	950.0	1000.0	973	925	1022	Tarkarahasya	T16
SA_GP12_sivap7_u	anchor	85	904	800.0	1300.0	973	726	1216	Śiva-Purāṇa 7 [Vāyavīya-Saṃhitā]	GP12
SA_GK18_dhandasu	anchor	7	413	900.0	1099.0	974	857	1089	Daśarūpaka	GK18
SA_MB_nadakarikaHK	anchor	2	969	950.0	1000.0	975	927	1026	rāmakaṇṭha: āṣṭaprakaraṇa nādakārikā	MB
SA_GSP30_bhutisbs_u	anchor	1	945	950.0	1000.0	976	927	1024	Svabodhasiddhi	GSP30
SA_MB_diiksaaprakaasaHK	inferred	34	849			977	527	1431	raghunandanaprasāda śukla: dīkṣāprakāśa	MB
SA_K10_kbavk10u	anchor	1	810	900.0	1099.0	977	860	1094	Garbhāvakrāntyavadāna	K10
SA_K10_kbavk93u	anchor	3	846	900.0	1099.0	978	863	1091	Sumāgadhāvadāna [Sumāgadhāvadānasūtra]	K10
SA_MB_tripuraarahasyamHK	inferred	52	860			978	526	1410	Unknown: tripurārahasya māhatmyakaṇḍham	MB
SA_GSP33_yamgaspu	anchor	1	1497	916.0	1041.0	979	905	1048	Gītārthasaṅgraha	GSP33
SA_GSP33_yaatsi_u	anchor	59	1275	916.0	1040.0	979	904	1053	Siddhitraya: Part 1: Ātmasiddhi	GSP33
SA_GSP33_yamis_pu	anchor	3	1250	917.0	1042.0	979	903	1052	Īśvarasiddhi	GSP33
SA_MB_advayataarakopanisatHK	inferred	1	437			980	443	1557	Unknown: advayatārakopaniṣat	MB
SA_MB_AnandatantramHK	inferred	39	851			981	505	1432	Unknown: ānandatantra	MB
SA_K12_Āgama_Yogāmbaratantra_Szántó	anchor	4	1119	900.0	1075.0	984	881	1083		K12
SA_MB_ascaryayogamalaHK	inferred	8	831			984	489	1469	nāgārjuna: āścaryayogamālā	MB
SA_T02_n2998u	anchor	27	647	975.0	1000.0	985	936	1032	Laghutantraṭīkā	T02
SA_MB_makutaagama_viirasaivaHK	inferred	11	847			986	504	1440	Unknown: makuṭāgama vīraśaiva rescension	MB
SA_MB_paraatantraHK	inferred	12	840			986	502	1446	Unknown: paraatantra	MB
SA_T04_bsa054_u	anchor	126	700	950.0	1030.0	986	937	1033	Bodhicaryāvatārapañjikā	T04
SA_MB_kaulaavaliinirnayaHK	inferred	83	871			987	520	1432	jñānānandaparamahaṃsa: kaulāvalīnirṇaya	MB
SA_MB_kaamadhenutantraHK	inferred	14	868			988	524	1453	Unknown: kāmadhenutantra	MB
SA_MB_ahirbudhnyasamhitaVol1HK	anchor	59	855	925.0	1050.0	988	911	1061	Unknown: ahirbudhnya saṃhita Volume 1	MB
SA_MB_taaraarahasyavrttikaaHK	inferred	26	889			989	538	1448	Unknown: tārārahasyavṛttikā	MB
SA_GSP30_kramstou	anchor	1	949	965.0	1015.0	989	942	1038	Kramastotra	GSP30
SA_MB_timirodghataHK	inferred	10	848			989	507	1464	Unknown: timirodhghāṭatantra	MB
SA_GSP28_prakp07u	inferred	3	1070			990	469	1508	Prakaraṇapañcikā: Prakaraṇa 7	GSP28
SA_MB_tantrabhidanaHK	inferred	101	882			991	544	1447	Unknown: tantrābhidhāna	MB
SA_MB_saktisutramHK	inferred	13	866			991	505	1461	Unknown: śaktisūtra	MB
SA_GK22_ksdarppu	anchor	12	957	900.0	1099.0	992	876	1105	Darpadalana	GK22
SA_GK19_ksbhm13u	anchor	38	855	900.0	1099.0	992	880	1105	Bhāratamañjarī: 13. Śāntiparvan	GK19
SA_GK19_kskala_u	anchor	11	753	900.0	1099.0	992	873	1102	Kalāvilāsa	GK19
SA_MB_taaraatantramHK	inferred	6	833			992	474	1472	Unknown: tāratantra	MB
SA_T02_Vajragarbha_Ṣaṭsāhasrikā-Hevajratantra-Ch1_Sferra_2009	anchor	2	519	900.0	1100.0	993	875	1111		T02
SA_GK19_ksbhm14u	anchor	5	806	900.0	1099.0	993	878	1106	Bhāratamañjarī: 14. Āśvamedhikaparvan	GK19
SA_GK19_ksbhm19u	anchor	34	889	900.0	1099.0	994	878	1109	Bhāratamañjarī: 19. Harivaṃśa	GK19
SA_T06_bsa017_u	anchor	1	351	950.0	1050.0	994	935	1050	Tattvaratnāvaloka [Tattvaratnāloka]	T06
SA_GK19_ksbhm16u	anchor	2	933	900.0	1099.0	995	877	1110	Bhāratamañjarī: 16. Mausalaparvan	GK19
SA_MB_prodgitagamaHK	inferred	3	761			995	472	1520	Unknown: prodgītāgama	MB
SA_MB_aagamapraamaanyamHK	anchor	24	938	950.0	1040.0	995	943	1048	yāmunāchāryaswāmin: āgamaprāmāṇya	MB
SA_K12_Āgama_Vajraḍākatantra-selected-chs_Sugiki	anchor	22	680	950.0	1050.0	995	936	1055		K12
SA_MB_mandalabraahmanopanisaHK	inferred	6	863			995	496	1495	Unknown: maṇḍalabrāhmaṇopaniṣat	MB
SA_GK19_ksbhm07u	anchor	17	951	900.0	1099.0	995	876	1105	Bhāratamañjarī: 7. Droṇaparvan	GK19
SA_GK19_ksbhm18u	anchor	1	947	900.0	1099.0	995	877	1110	Bhāratamañjarī: 18. Svargaparvan	GK19
SA_GK19_ksbhm08u	anchor	5	951	900.0	1099.0	995	884	1111	Bhāratamañjarī: 8. Karṇaparvan	GK19
SA_GK19_ksbhm17u	anchor	1	873	900.0	1099.0	996	877	1112	Bhāratamañjarī: 17. Mahāprasthānikaparvan	GK19
SA_GK19_ksbhm09u	anchor	2	898	900.0	1099.0	996	883	1108	Bhāratamañjarī: 9. Śalyaparvan	GK19
SA_GK19_ksbhm12u	anchor	2	813	900.0	1099.0	996	883	1107	Bhāratamañjarī: 12. Strīparvan	GK19
SA_T02_Mañjuśrīyaśa_Laghukālacakratantra-Vimalaprabhā-Vol1_Upādhyāya_1986	anchor	57	572	967.0	1030.0	996	947	1044		T02
SA_GK17_kvrtrsuu	anchor	17	798	950.0	1050.0	997	936	1056	Vṛttaratnākara	GK17
SA_K12_Āgama_Sampuṭodbhava_84000	anchor	50	946	950.0	1050.0	997	938	1056		K12
SA_GK19_ksbhm11u	anchor	2	981	900.0	1099.0	997	886	1113	Bhāratamañjarī: 11. Sauptikaparvan	GK19
SA_GR13_kubjt_pu	anchor	62	899	900.0	1100.0	997	879	1110	Kubjikāmatatantra	GR13
SA_GK19_ksbhm15u	anchor	2	1011	900.0	1099.0	997	883	1110	Bhāratamañjarī: 15. Āśramavāsikaparvan	GK19
SA_GK19_ksbhm10u	anchor	3	952	900.0	1099.0	997	883	1112	Bhāratamañjarī: 10. Gadāparvan	GK19
SA_T11_jnaniva	anchor	126	834	975.0	1025.0	998	951	1047	Nibandhāvalī	T11
SA_GK19_ksbhm06u	anchor	11	948	900.0	1099.0	998	883	1111	Bhāratamañjarī: 6. Bhīṣmaparvan	GK19
SA_T02_Candrakīrti_Pradīpoddyotana-Guhyasamājatantra_Chakravarti_1984	anchor	62	769	975.0	1025.0	998	951	1047		T02
SA_T02_Ratnākaraśānti_Muktāvalī-Hevajratantra_Tripathi-Negi_2001	anchor	57	722	975.0	1025.0	998	951	1048		T02
SA_T11_bsa0556u	anchor	2	698	970.0	1030.0	998	949	1047	Antarvyāptisamarthana	T11
SA_GK17_kedvratu	anchor	3	827	950.0	1050.0	998	938	1055	Vṛttaratnākara	GK17
SA_GK19_kulmukuu	anchor	1	929	900.0	1099.0	998	881	1110	Mukundamālā	GK19
SA_GK19_padnscpu	anchor	34	837	990.0	1010.0	998	949	1047	Navasāhasāṅkacarita	GK19
SA_MB_ucchistacandaaliniikalpaHK	inferred	2	737			999	467	1531	Unknown: ucchiṣṭacāṇḍālinīkalpa	MB
SA_GSP30_parypanu	anchor	1	949	975.0	1025.0	999	951	1047	Paryantapañcāśikā	GSP30
SA_GSP30_anuttaru	anchor	1	949	975.0	1025.0	999	950	1048	Anuttarāṣṭikā	GSP30
SA_GSP30_abhmal1u	anchor	22	950	975.0	1025.0	999	951	1048	Mālinīślokavārttika: Kāṇḍa 1	GSP30
SA_MB_maliniijayavartikaHK	anchor	33	945	975.0	1025.0	1000	953	1050	abhinavagupta: mālinīvijayavārtika	MB
SA_GSP30_bodhpanu	anchor	1	951	975.0	1025.0	1000	950	1048	Bodhapañcadaśikā	GSP30
SA_GSP30_aparmyou	anchor	17	975	975.0	1025.0	1000	950	1047	Paramārthasāra	GSP30
SA_GSP29_udnyku3u	anchor	12	995	900.0	1099.0	1000	887	1117	Nyāyakusumāñjali: Stavaka 3	GSP29
SA_GSP30_tantralu	anchor	117	953	975.0	1025.0	1000	953	1048	Tantrāloka	GSP30
SA_GSP30_partrvpu	anchor	26	952	975.0	1025.0	1000	952	1049	Parātriṃśikāvivaraṇa	GSP30
SA_GSP27_motik_3u	inferred	37	1032			1000	494	1493		GSP27
SA_MB_paraatriisikaalaghuvrttiHK	anchor	7	1026	975.0	1025.0	1000	954	1051	Unknown: parātrīśikālaghuvṛtti	MB
SA_MB_ParaatrimsikavivaranaHK	anchor	40	1063	975.0	1025.0	1000	952	1048	Unknown: parātriṃśikāvivaraṇa	MB
SA_MB_gitarthasamgrahaHK	anchor	36	949	975.0	1025.0	1000	953	1049	Unknown: bhagavadgītā	MB
SA_MB_bodhapancadasikaaHK	anchor	6	1128	975.0	1025.0	1001	952	1049	abhinavagupta: bodhapañcadaśikā	MB
SA_GSP29_udnyku5u	anchor	14	986	900.0	1099.0	1001	891	1115	Nyāyakusumāñjali: Stavaka 5	GSP29
SA_GSP30_abhtantu	anchor	14	949	975.0	1025.0	1001	951	1046	Tantrasāra	GSP30
SA_MB_tantrasaaraHK	anchor	36	1067	975.0	1025.0	1001	952	1049	abhinavagupta: tantrasāra	MB
SA_MB_paramarthasaraHK	anchor	25	1042	975.0	1025.0	1001	951	1051	abhinavagupta: paramārthasāra	MB
SA_MB_Tantraloka-1-14-HK	anchor	299	1045	975.0	1025.0	1001	952	1050	abhinavagupta: tantrāloka chapters 1 thru 14	MB
SA_MB_bhavachudamaniHK	anchor	6	1005	975.0	1025.0	1001	952	1047	vidyākaṇṭha: bhāvacūḍāmaṇi	MB
SA_MB_Tantraloka-15-37-HK	anchor	152	991	975.0	1025.0	1001	952	1051	abhinavagupta: tantrāloka chapters 15 thru 38	MB
SA_GSP30_bhairstu	anchor	1	949	990.0	1015.0	1002	955	1051	Bhairavastava	GSP30
SA_GSP33_yaissi_u	anchor	10	1278	967.0	1038.0	1002	953	1051	Siddhitraya: Part 2: Īśvarasiddhi	GSP33
SA_GSP29_vyomavati	anchor	24	1180	950.0	1050.0	1002	943	1063	Vyomavatī	GSP29
SA_GSP30_abhmal2u	anchor	7	952	990.0	1015.0	1002	955	1050	Mālinīślokavārttika: Kāṇḍa 2	GSP30
SA_GSP33_yamss_pu	anchor	5	1265	967.0	1038.0	1002	952	1052	Saṃvitsiddhi	GSP33
SA_GSP29_udnyku1u	anchor	9	981	900.0	1099.0	1002	888	1115	Nyāyakusumāñjali: Stavaka 1	GSP29
SA_GSP29_nvtp1_1u	anchor	97	993	900.0	1099.0	1002	885	1114	Nyāyavārttikatātparyapariśuddhi: Adhyāya 1.1	GSP29
SA_GSP30_abhiprvu	anchor	50	945	990.0	1015.0	1002	953	1052	Īśvarapratyabhijñāvimarśinī	GSP30
SA_MB_Paraatrisikaavivrtti_berlinHK	anchor	8	883	990.0	1015.0	1003	955	1053	Unknown: parātriśikāvivṛti	MB
SA_GSP33_yamsvspu	anchor	5	1306	967.0	1038.0	1003	953	1051	Saṃvitsiddhi	GSP33
SA_GSP30_parmartu	anchor	2	950	990.0	1015.0	1003	954	1052	Paramārthasāra	GSP30
SA_MB_IPVV_3_hk	anchor	103	1058	990.0	1015.0	1003	953	1052	abhinavagupta: īśvarapratyabhijñāvivṛtivimarśinī Volume 3	MB
SA_GSP29_nvtp1_2u	anchor	9	1016	900.0	1099.0	1003	892	1119	Nyāyavārttikatātparyapariśuddhi: Adhyāya 1.2	GSP29
SA_MB_IPVV_2_hk	anchor	112	1041	990.0	1015.0	1003	954	1053	abhinavagupta: īśvarapratyabhijñāvivṛtivimarśinī Volume 2	MB
SA_MB_YvaasisthaBmumuksuvyavaharaprakaranamHK	anchor	36	1025	900.0	1100.0	1003	890	1114	valmiki: yogavāsiṣṭha part 2 with commentary tātparyaprakāśa	MB
SA_GSP29_udnyku4u	anchor	4	1042	900.0	1099.0	1003	885	1117	Nyāyakusumāñjali: Stavaka 4	GSP29
SA_GK16_andhvy_u	anchor	26	976	900.0	1099.0	1003	895	1120	Dhvanyāloka [Sahṛdayāloka]	GK16
SA_GSP29_udnyku2u	anchor	11	1028	900.0	1099.0	1003	886	1116	Nyāyakusumāñjali: Stavaka 2	GSP29
SA_GK16_andhvc2u	anchor	59	1035	900.0	1099.0	1003	888	1118	Dhvanyāloka [Sahṛdayāloka], Uddyota 2	GK16
SA_T02_vamvuppu	anchor	8	640	985.0	1025.0	1004	955	1053	Mṛtyuvañcanopadeśa	T02
SA_GSP27_motik_2u	inferred	21	1028			1004	503	1495		GSP27
SA_MB_paratrimsikavivaranaHK	anchor	43	1085	990.0	1015.0	1004	954	1053	abhinavagupta: parātriśikāvivṛtī	MB
SA_MB_YogavaasisthaSampurnamIIORGHK	anchor	618	978	900.0	1100.0	1004	888	1118	valmiki: yogavāsiṣṭha part 6 with commentary tātparyaprakāśa	MB
SA_T02_mrtvutsu	anchor	1	657	979.0	1029.0	1004	954	1052	Mṛtyuvañcanopadeśatārāsādhana	T02
SA_MB_IPVV_1_hk	anchor	71	1055	990.0	1015.0	1004	955	1051	abhinavagupta: īśvarapratyabhijñāvivṛtivimarśinī Volume 1	MB
SA_GR14_yamsr_pu	anchor	2	750	966.0	1038.0	1004	956	1052	Stotraratna	GR14
SA_MB_IPV_HK	anchor	211	1221	990.0	1015.0	1004	957	1053	abhinavagupta: īśvarapratyabhijñāvimarśinī	MB
SA_GS40_rasadhpu	anchor	12	664	750.0	1450.0	1005	692	1325	Rasādhyāya	GS40
SA_MB_nirvanatantraHK	inferred	10	876			1005	527	1478	Unknown: nirvaṇatantra	MB
SA_MB_Yvaasistha1vairaagyaprakaranamHK	anchor	54	1071	900.0	1100.0	1005	890	1120	valmiki: yogavāsiṣṭha part 1 with commentary tātparyaprakāśa	MB
SA_MB_vyasishthaDsthitiprakaranamHK	anchor	110	1038	900.0	1100.0	1005	890	1118	valmiki: yogavāsiṣṭha part 4 with commentary tātparyaprakāśa	MB
SA_GK16_andhvc1u	anchor	74	1061	900.0	1099.0	1005	892	1120	Dhvanyāloka [Sahṛdayāloka], Uddyota 1	GK16
SA_GK16_andhvc3u	anchor	104	1071	900.0	1099.0	1005	896	1122	Dhvanyāloka [Sahṛdayāloka], Uddyota 3	GK16
SA_GSP27_motik_1u	inferred	27	1055			1005	515	1484		GSP27
SA_T03_bsa051_u	anchor	96	659	970.0	1050.0	1005	957	1053	Sāratamā [āryāṣṭasāhasrikāyāḥ prajñāpāramitāyāḥ sāratamākhyā pañjikā]	T03
SA_MB_yogavyasishthaEupasamaprakaranamHK	anchor	183	1043	900.0	1100.0	1005	890	1120	valmiki: yogavāsiṣṭha part 5 with commentary tātparyaprakāśa	MB
SA_GSP27_motik_4u	inferred	38	1036			1006	516	1473		GSP27
SA_GK16_andhvc4u	anchor	15	1060	900.0	1099.0	1006	895	1119	Dhvanyāloka [Sahṛdayāloka], Uddyota 4	GK16
SA_K12_Āgama_Caturyoginīsampuṭa_Szántó	anchor	6	517	950.0	1075.0	1006	931	1078		K12
SA_T01_n910u	anchor	1	528	900.0	1200.0	1007	838	1177	Vajrayoginyāḥ stutipraṇidhānam	T01
SA_T12_n801u	anchor	19	591	970.0	1050.0	1007	957	1054	Chandoratnākara	T12
SA_T11_n2859u	anchor	4	768	980.0	1040.0	1007	958	1056	Anupalabdhirahasya	T11
SA_K12_Āgama_Sampuṭatilaka_Szántó	anchor	11	932	950.0	1075.0	1008	933	1081		K12
SA_GR14_kumukumu	anchor	1	560	900.0	1099.0	1008	895	1121	Mukundamālā	GR14
SA_GSP33_vidhivi	inferred	6	1320			1008	503	1482	Vidhiviveka	GSP33
SA_GK17_jvrtmspu	anchor	3	1106	980.0	1040.0	1008	960	1056	Vṛttamālāstuti	GK17
SA_GSP33_aparoksanubu	inferred	8	1310			1009	514	1490		GSP33
SA_GSP28_dhebta_u	anchor	61	945	970.0	1050.0	1009	960	1058	Hetubinduṭīkāloka	GSP28
SA_T12_n2957u	anchor	22	779	980.0	1040.0	1009	960	1060	Vṛttamālāstuti	T12
SA_MB_candrajnaanaagamaHK	inferred	25	932			1010	552	1467	Unknown: candrajñānāgama vīraśaiva rescension	MB
SA_MB_mantradaanavidhiHK	inferred	1	695			1015	452	1574	Unknown: mahādānavidhiḥ	MB
SA_T04_bsa035_u	anchor	1	717	982.0	1054.0	1015	967	1064	Bodhisattvādikarmikamārgāvatāradeśanā	T04
SA_T04_bsa008_u	anchor	1	744	993.0	1043.0	1015	965	1064	Garbhasaṅgraha	T04
SA_T04_bsa039_u	anchor	1	524	982.0	1054.0	1015	966	1063	Daśākuśalakarmapathadeśanā	T04
SA_T04_bsa036_u	anchor	1	443	982.0	1054.0	1015	967	1063	Śaraṇagamanadeśanā	T04
SA_MB_LaghuYV-combinedHK	inferred	191	954			1015	587	1461	Unknown: laghuyogavāsiṣṭha with commentary vāsiṣṭhacandrikā	MB
SA_MB_jnanasaraHK	inferred	2	798			1016	474	1534	Unknown: jñānasāra	MB
SA_K12_Āgama_Kurukullākalpa_Szántó	anchor	6	737	950.0	1100.0	1016	930	1103		K12
SA_GR13_bijnighu	anchor	2	634	750.0	1450.0	1017	679	1346	Bījanighaṇṭu	GR13
SA_T02_Mañjuśrīyaśa_Laghukālacakratantra-Vimalaprabhā-Vol2_Dwivedi-Bahulkar_1994	anchor	72	570	1000.0	1040.0	1017	969	1066		T02
SA_K12_Āgama_Caṇḍamahāroṣaṇatantra-ch26-32_Szántó	anchor	1	591	950.0	1100.0	1017	929	1105		K12
SA_K12_Āgama_Mahāmudrātilaka_Szántó	anchor	42	668	975.0	1075.0	1020	962	1079		K12
SA_GS40_rasadh_u	anchor	21	762	750.0	1450.0	1021	704	1331	Rasādhyāya	GS40
SA_T13_davyasou	anchor	2	749	1020.0	1030.0	1021	973	1070	Yaśodharācarita	T13
SA_MB_mrigendrapaddhatitiikaaHK	inferred	44	947			1022	564	1469	Unknown: mṛgendrapaddhatiṭīkā	MB
SA_T02_Mañjuśrīyaśa_Laghukālacakratantra-Vimalaprabhā-Vol3_Dwivedi-Bahulkar_1994	anchor	35	570	1000.0	1050.0	1022	974	1070		T02
SA_T02_Vajragarbha_Ṣaṭsāhasrikā-Hevajratantra_Shendge_2004	anchor	31	610	1000.0	1050.0	1023	972	1073		T02
SA_T04_bsa038_u	anchor	2	510	1000.0	1054.0	1023	974	1072	Sūtrārthasamuccayopadeśa	T04
SA_T02_Nāropā_Sekoddeśaṭīkā_Carelli_1941	anchor	22	667	1000.0	1050.0	1023	973	1072		T02
SA_T02_Vajrapāṇi_Laghutantraṭīkā_Cicuzza_2001	anchor	16	656	1000.0	1050.0	1023	975	1069		T02
SA_MB_yogacudamanyupanisatHK	inferred	6	927			1023	535	1514	Unknown: yogacūḍāmaṇyupaniṣat	MB
SA_T04_bsa004_u	anchor	2	674	1000.0	1054.0	1023	975	1073	Bodhipathapradīpa	T04
SA_T02_narsekou	anchor	4	675	1000.0	1050.0	1023	974	1070	Sekoddeśa [Sekoddeśaṭikā]	T02
SA_MB_kubjikaatantramHK	anchor	17	777	950.0	1100.0	1023	933	1111	Unknown: kubjikātantra	MB
SA_T11_bsa0553u	anchor	4	1015	1000.0	1050.0	1023	974	1072	Kṣaṇabhaṅgasiddhi vyatirekātmikā	T11
SA_T11_bsa0552u	anchor	5	988	1000.0	1050.0	1023	975	1073	Kṣaṇabhaṅgasiddhi	T11
SA_T11_bsa0551u	anchor	3	903	1000.0	1050.0	1023	975	1073	Apohasiddhi	T11
SA_T04_bsa024_u	anchor	1	476	1000.0	1054.0	1023	974	1072	Satyadvayāvatāranāma	T04
SA_GSP30_pratyabu	anchor	7	950	1000.0	1050.0	1024	975	1072	Pratyabhijñāhṛdaya	GSP30
SA_T02_bsa005_u	anchor	1	435	1000.0	1050.0	1024	977	1073	Caryāsaṅgrahapradīpa	T02
SA_GSP30_sa_kSemarAja-bhairavAnukaraNastotra	anchor	1	954	1000.0	1050.0	1025	976	1072	Bhairavānukaraṇastotra	GSP30
SA_T02_mrtvstsu	anchor	1	610	1000.0	1050.0	1025	977	1074	Mṛtyuvañcanasitatārāsādhana	T02
SA_MB_SPANDASAMDOHA_hk	anchor	6	1088	1000.0	1050.0	1025	977	1075	kallaṭa attributed author spandakārikā: spandasandoha	MB
SA_MB_spandanirnayaHK	anchor	15	990	1000.0	1050.0	1025	976	1074	kallaṭa attributed author spandakārikā: spandanirṇaya	MB
SA_GSP30_ksembodhv_u	anchor	1	949	1000.0	1050.0	1026	974	1072	Bodhavilāsa	GSP30
SA_T14_n1282u	anchor	2	584	900.0	1322.0	1026	786	1250	Pratimālakṣaṇavivaraṇa	T14
SA_MB_PARAAPRAAVESIKAA_hk	anchor	3	1283	1000.0	1050.0	1026	977	1076	kṣemarāja: parāprāveśikā	MB
SA_T02_garbhasamgraha	anchor	1	735	1000.0	1054.0	1026	976	1074	Garbhasaṃgraha	T02
SA_MB_sivasuutravimarsiniiHK	anchor	27	1267	1000.0	1050.0	1026	977	1075	vasugupta author śivasūtra: śivasūvimarśinī text version	MB
SA_MB_pratyabhijnahrdayaHK	anchor	9	1164	1000.0	1050.0	1027	980	1075	Unknown: pratyabhijñahṛdaya Text version	MB
SA_T02_Puṇḍarīka_Vimalaprabhā-Laghukālachakratantra_Upadhyaya_1986	anchor	59	601	1010.0	1050.0	1027	978	1076		T02
SA_GS39_purukadu	anchor	3	1013	750.0	1450.0	1027	696	1361	Kādambarīsvīkaraṇasūtramañjarī	GS39
SA_T04_bsa040_u	anchor	2	622	1010.0	1054.0	1028	980	1078	Cittotpādasaṃvaravidhikrama	T04
SA_MB_dvisatikaalottaramHK	inferred	17	963			1029	567	1484	Unknown: dviśatikālottara	MB
SA_T04_bsa042_u	anchor	1	534	1010.0	1054.0	1029	979	1078	Gurukriyākrama	T04
SA_MB_saandilyopanisatHK	inferred	9	969			1029	556	1511	Unknown: śāṇḍilyopaniṣat	MB
SA_MB_suksmagamaHK	anchor	67	501	900.0	1250.0	1029	839	1220	Unknown: sūkṣmāgama	MB
SA_GK22_vidsrgpu	anchor	50	1039	900.0	1199.0	1030	861	1195	Subhāṣitaratnakoṣa	GK22
SA_MB_yogatattvopanisatHK	inferred	6	954			1031	553	1537	Unknown: yogatattvopaniṣat	MB
SA_GK22_vidsripu	anchor	44	1084	900.0	1199.0	1031	869	1198	Subhāṣitaratnakoṣa	GK22
SA_MB_tattvaprakasaHK	anchor	40	1117	1011.0	1055.0	1033	984	1082	bhojadeva: āṣṭaprakaraṇa tattvaprakāśa	MB
SA_T10_n3009u	anchor	1	402	1030.0	1050.0	1034	986	1084	Vimalaratnalekha	T10
SA_MB_suprabhedagamaHK	anchor	93	591	900.0	1250.0	1036	844	1226	Unknown: suprabhedāgama	MB
SA_MB_NityatantraHK	inferred	4	947			1036	544	1519	Unknown: nityākaulatantra	MB
SA_MB_kaalikaarahasyamHK	inferred	2	857			1036	498	1560	Unknown: kālikārahasya	MB
SA_MB_yogasikhopanisatHK	inferred	16	981			1038	558	1506	Unknown: yogaśikhopaniṣat	MB
SA_T02_rabhramu	anchor	3	836	1015.0	1065.0	1039	991	1088	Bhramaharanāma Hevajrasādhana	T02
SA_MB_hamsasaraHK	inferred	1	820			1039	480	1624	Unknown: haṃsasāra	MB
SA_MB_amrtanaadopanisatHK	inferred	2	924			1039	503	1574	Unknown: amṛtanādopaniṣat	MB
SA_MB_tejobinduupanisatHK	anchor	11	942	800.0	1300.0	1040	786	1278	Unknown: tejobindūpaniṣat	MB
SA_T02_Advayavajra_saṃgraha_Bhattacharyya_1927	anchor	10	637	1007.0	1077.0	1040	991	1089		T02
SA_K10_klpdrapu	anchor	10	798	1000.0	1600.0	1041	753	1332	Kalpadrumāvadānamālā	K10
SA_GSP29_vnyps32u	inferred	9	1002			1042	544	1549	Nyāyapariśuddhi: Adhyāya 3.2	GSP29
SA_MB_bhagavadgitavirashaivabhashyamHK	inferred	87	1003			1042	592	1495	Unknown: bhagavadgītā	MB
SA_MB_kaamaakhyaatantraHK	inferred	9	1001			1043	574	1511	Unknown: kāmākhyātantra	MB
SA_MB_laghustutiHK	inferred	12	1021			1043	568	1511	laghubhaṭṭāraka: laghustuti with commentary by rāgavānanda	MB
SA_GP12_vprevk_u	anchor	163	765	1000.0	1100.0	1044	985	1105	Revākhaṇḍa of the Vāyupurāṇa	GP12
SA_T11_bsa075_u	anchor	56	797	1000.0	1099.0	1045	988	1103	Nibandhāvalī	T11
SA_T17_vtrksopu	anchor	9	729	1000.0	1100.0	1045	988	1104	Tarkasopāna	T17
SA_MB_mahanayaprakasa1HK	inferred	11	999			1045	562	1517	unknown (see catalog record notes): mahānayaprakāśa	MB
SA_MB_anuttaraprakasapancasikaHK	inferred	1	825			1045	479	1614	ādyanātha: anuttaraprakāśapañcāśikā	MB
SA_GS40_rasarnavaetu	inferred	44	1076			1046	601	1504		GS40
SA_T02_n2918u	anchor	2	578	1010.0	1085.0	1046	998	1096	Tattvaratnāvalī	T02
SA_GK19_jaygit2u	anchor	8	784	1000.0	1099.0	1046	988	1104	Gītagovinda	GK19
SA_K14_sumagavu	anchor	9	446	1027.0	1077.0	1046	996	1096	Sumāgadhāvadāna	K14
SA_T02_Vajragarbha_Ṣaṭsāhasrikā-Hevajratantra-Ch10_Sferra_2009	anchor	3	333	1000.0	1100.0	1047	989	1104		T02
SA_GK19_jaygit1u	anchor	9	920	1000.0	1099.0	1047	989	1106	Gītagovinda-kāvya	GK19
SA_T11_ratksanu	anchor	4	1006	1000.0	1099.0	1047	989	1104	Kṣaṇabhaṅgasiddhi Vyatirekātmikā	T11
SA_T02_n1397u	anchor	3	704	1000.0	1100.0	1048	989	1103	Guhyavajravilāsinīsādhana	T02
SA_MB_phetkaariniitantramHK	anchor	31	812	1000.0	1100.0	1049	990	1108	Unknown: phetkāriṇītantra	MB
SA_MB_vyasishtaCutpattiprakarnamHK	anchor	238	1009	1000.0	1100.0	1049	992	1106	valmiki: yogavāsiṣṭha part 3 with commentary tātparyaprakāśa	MB
SA_GSP30_vamjanmu	anchor	4	953	1025.0	1075.0	1050	1000	1100	Janmamaraṇavicāra	GSP30
SA_MB_hayasirsapancaraatramHK	inferred	20	1000			1050	576	1500	Unknown: hayaśirṣsapañcarātra	MB
SA_MB_SAAMBAPA_NCAASIKAAhk	inferred	10	1022			1050	578	1535	Unknown: sāmbapañcāśikā	MB
SA_MB_SIVASUUTRAVARTIKA_hk	anchor	20	1131	1000.0	1100.0	1050	990	1111	vasugupta author śivasūtra: śivasūtravārttika	MB
SA_GS40_vanighpu	anchor	6	903	750.0	1450.0	1053	744	1367	Aṣṭāṅganighaṇṭu	GS40
SA_MB_ksurikopanisatHK	inferred	1	909			1053	472	1596	Unknown: kṣurikopaniṣat	MB
SA_MB_yoginiihrdayamHK	anchor	44	1091	900.0	1200.0	1054	884	1223	Unknown: yoginīhṛdaya	MB
SA_K10_dvavims_tu	anchor	35	598	1000.0	1150.0	1054	968	1142	Dvāviṃśatyavadānakathā	K10
SA_T02_Munidatta_Caryāgītikoṣa_Bagchi_1956	anchor	22	795	950.0	1200.0	1057	918	1198		T02
SA_GK16_sarasvatikau	inferred	177	1007			1062	620	1526		GK16
SA_GSP33_bbdip11u	inferred	61	1345			1066	616	1514	Brahmasūtra: Adhyāya 1, Pāda 1	GSP33
SA_GSP31_sparibhu	inferred	6	1495			1069	561	1578	Sāṃkhyaparibhāṣā	GSP31
SA_MB_naadabinduupanisatHK	inferred	3	1075			1070	560	1590	Unknown: nādabindūpaniṣat	MB
SA_MB_parasuramakalpasutraHK	inferred	184	1070			1070	627	1515	Unknown: paraśurāmakalpasūtra	MB
SA_GK21_sokss_pu	anchor	435	1159	1063.0	1081.0	1071	1021	1119	Kathāsaritsāgara	GK21
SA_GK21_sokss	anchor	217	1073	1063.0	1081.0	1071	1023	1121	Kathāsaritsāgara	GK21
SA_GK16_mamkpb_u	anchor	34	999	1050.0	1100.0	1074	1026	1124	Kāvyaprakaśa	GK16
SA_GK16_mamkprku	anchor	3	1061	1050.0	1100.0	1075	1026	1124	Kāvyaprakaśa	GK16
SA_GSP33_rams11pu	anchor	2	1369	1017.0	1137.0	1075	1004	1145	Śrībhāṣya: 1,1.3	GSP33
SA_GK16_mamkavpu	anchor	45	993	1050.0	1100.0	1076	1027	1125	Kāvyaprakaśa	GK16
SA_MB_varunapaddhativyaakhyaanamT0143HK	inferred	13	1078			1077	606	1567	Unknown: vāruṇapaddhativyākhyānam	MB
SA_MB_trisikhibrahmanopanisatHK	inferred	8	1095			1077	604	1545	Unknown: triśikhibrāhmaṇopaniṣat	MB
SA_GSP30_vatnsupu	anchor	3	950	900.0	1300.0	1079	861	1294	Vātūlanāthasūtra	GSP30
SA_MB_sivajnaanasiddhiHK	inferred	28	1092			1079	606	1543	Unknown: śivajñānasiddhi	MB
SA_MB_somasambhupaddhativyakhyaHK	inferred	38	1091			1080	611	1517	Unknown: somaśambhupaddhativyākhyā	MB
SA_K12_Āgama_Kālacakrasekaprakriyā_Szántó	anchor	5	822	1025.0	1150.0	1081	1008	1157		K12
SA_T11_rvadrahu	anchor	21	873	1000.0	1200.0	1081	966	1192	Vādarahasya [Udayananirākaraṇa]	T11
SA_MB_jnanadiksaHK	inferred	2	1096			1083	534	1619	Unknown: jñānadīkṣā	MB
SA_T11_bsa072_u	anchor	16	784	1075.0	1125.0	1085	1025	1131	Tarkabhāṣā	T11
SA_MB_janmamaranavicaaraHK	anchor	6	979	1050.0	1125.0	1087	1038	1136	vāmadeva: janmamaṛanavicāra	MB
SA_MB_parasambhumahimnastavaHK	inferred	6	1128			1088	599	1586	alias krodhabhaṭṭāraka: paraśambhumahimnastava	MB
SA_GSP28_sastrdiu	anchor	35	897	1000.0	1199.0	1089	976	1203	Śāstradīpikā	GSP28
SA_MB_saivaagamaadimaahaatmyamHK	inferred	16	1122			1090	642	1564	jñānaprakāśa: śaivāgamādimāhātmya	MB
SA_MB_kaalahastiisavilaasaHK	inferred	17	1110			1091	611	1552	Unknown: kālahastīśavilāsa	MB
SA_GSP33_ramgbhpu	anchor	64	1011	1050.0	1137.0	1091	1040	1142	Bhagavadgītābhāṣya	GSP33
SA_MB_paasupatabrahmopanisatHK	inferred	5	1131			1092	595	1588	Unknown: pāśupatabrahmopaniṣat	MB
SA_GSP33_ramvaspu	anchor	17	1130	1050.0	1137.0	1092	1041	1142	Vedārthasaṃgraha	GSP33
SA_T02_n800u	anchor	6	785	1025.0	1175.0	1093	1004	1179	Sekoddeśapañjikā	T02
SA_GSP27_yogva	anchor	268	967	900.0	1400.0	1094	850	1352	Yogavasiṣṭha	GSP27
SA_MB_iisvarapratyabhijnakaumudiHK	inferred	38	1122			1094	644	1554	bhaṭṭāraka sundara: īśvarapratyabhijñākaumudī	MB
SA_MB_kaulopanisadsHK	inferred	18	1112			1094	625	1556	Unknown: kaulopaniṣad	MB
SA_MB_ahirbudhnyasamhitaa2HK	anchor	48	890	1025.0	1175.0	1095	1008	1181	Unknown: ahirbudhnya saṃhita Volume 2	MB
SA_GSD36_sa_vijJAnezvara-mitAkSarA	anchor	245	933	1075.0	1125.0	1096	1048	1143	Mitākṣarā	GSD36
SA_GSD36_mitaksara	anchor	206	940	1075.0	1126.0	1097	1049	1145	Mitākṣarā, a commentary on the Yājñavalkya-dharmaśāstra	GSD36
SA_T02_Rāmapāla_Sekanirdeśapañjikā_Isaacson-Sferra_2014	anchor	16	696	1075.0	1125.0	1097	1047	1147		T02
SA_T02_Abhayākaragupta_Buddhakapālatantra-Abhayapaddhati_Chog_2009	anchor	22	755	1075.0	1125.0	1098	1049	1146		T02
SA_T02_Abhayākaragupta_Kālacakrāvatāra_Unknown_Unknown	anchor	3	682	1075.0	1125.0	1098	1051	1149		T02
SA_MB_karpuuraadistotramHK	inferred	11	1115			1098	636	1576	Unknown: karpūrādistotra	MB
SA_GSP28_jsbh3-3u	inferred	18	1279			1099	630	1569	Bhāṭṭadīpikā: Adhyāya 3, Adhikaraṇa 3	GSP28
SA_T02_Anonymous_Kālacakrapūjāvidhi_RBTRD_2014	anchor	10	635	1025.0	1200.0	1099	1000	1203		T02
SA_MB_laghustavaHK	inferred	28	1122			1099	646	1556	Unknown: laghustava	MB
SA_GR13_cakbh_pu	anchor	1	1094	1050.0	1158.0	1102	1037	1165	Cakrapāṇinātha: Bhāvopahārastotra	GR13
SA_GR13_cakbhavu	anchor	5	1036	1050.0	1158.0	1103	1036	1165	Cakrapāṇinātha: Bhāvopahārastotra	GR13
SA_MB_saadhanamaalaa-IIHK	anchor	47	833	1050.0	1165.0	1104	1036	1173	benoytosh bhattacharya: sādhanamālā Vol. 2	MB
SA_MB_vatulanathasutraHK	anchor	3	1287	900.0	1300.0	1104	891	1328	vatūlanātha: vātūlanāthasūtra	MB
SA_T17_n2944u	anchor	36	475	1111.0	1112.0	1105	1056	1153	Viśvaprakāśa	T17
SA_GK16_msabdvvu	anchor	4	1103	1050.0	1160.0	1106	1041	1171	Śabdavyāpāravicāra	GK16
SA_T02_n2934u	anchor	7	858	1083.0	1133.0	1106	1057	1155	Abhayapaddhati	T02
SA_T02_Muniśrībhadra_Pañcakrama-Yogimanoharā_Jiang-Tomabechi_1996	anchor	14	741	1085.0	1135.0	1107	1058	1156		T02
SA_T01_Sugataśrī_Kīrtidhvajapraśasti_Szántó	anchor	1	858	1000.0	1500.0	1107	847	1368		T01
SA_T02_n2955u	anchor	2	811	1050.0	1175.0	1108	1035	1184	Kriyāsaṁgrahapañjikā	T02
SA_GR14_prakassu	inferred	34	882			1108	653	1568	Prakāśa-Saṃhitā [Pāñcarātra-Saṃhitā]	GR14
SA_GR14_sdahen_u	inferred	33	871			1108	654	1569	Daśavidhahetunirūpaṇa	GR14
SA_GK19_govass_u	anchor	16	695	1000.0	1299.0	1109	943	1274	Āryāsaptaśatī	GK19
SA_T02_n2965u	anchor	3	643	1100.0	1125.0	1110	1062	1160	Kālacakrāvatāra	T02
SA_T02_Abhayākaragupta_Kālacakrāvatāra_Mishra_2016	anchor	3	622	1100.0	1125.0	1110	1062	1159		T02
SA_T02_abhnispu	anchor	1	693	1100.0	1125.0	1111	1062	1160	Niṣpannayogāvali	T02
SA_T02_n2974u	anchor	1	807	1088.0	1138.0	1111	1062	1159	Munimatālaṁkāra	T02
SA_MB_cidgaganacandrika-HK	anchor	7	966	1075.0	1150.0	1111	1063	1161	śrīvatsa: cidgaganacandrikā	MB
SA_T02_Kuladatta_Kriyāsaṃgrahapañjikā-partial_Tanemura_2020	anchor	1	284	1045.0	1200.0	1114	1023	1206		T02
SA_MB_carcastavaHK	inferred	15	1180			1115	646	1565	Unknown: carcāstava	MB
SA_GR13_todaltpu	anchor	8	715	1000.0	1300.0	1116	950	1286	Toḍalatantra	GR13
SA_MB_varunapaddhativyaakhyaaT1034HK	inferred	19	1180			1118	658	1582	Unknown: varuṇpaddhativyākhyā	MB
SA_T02_n1414u	anchor	7	717	1100.0	1150.0	1123	1072	1172	Śrīvajravārāhīsādhana	T02
SA_MB_sattrimsattattvasamdohaHK	inferred	2	1285			1125	599	1646	Unknown: ṣaṭtriṃśāttattvasandoha	MB
SA_MB_matatrayaikyaprakasikaHK	inferred	47	1179			1129	685	1575	aiyyaṇācārya: matatrayaikyaprakāśikā	MB
SA_GK16_ruvyavivya_pu	anchor	21	1130	1100.0	1160.0	1130	1081	1177	Vyaktivivekavyākhyā	GK16
SA_GR14_astavgpu	anchor	6	1135	700.0	1399.0	1130	808	1447	Aṣṭāvakragītā	GR14
SA_T17_n2936u	anchor	6	406	1100.0	1175.0	1132	1084	1183	Śabdabhedaprakāśa	T17
SA_MB_kamikapurvabhagaHK	anchor	110	573	1100.0	1175.0	1133	1083	1180	Unknown: kamikāgama pūrvabhāga	MB
SA_MB_isaanagurudevapaddhati-II-HK	anchor	93	664	1100.0	1175.0	1134	1088	1181	īśānaśivagurudeva: īśānaśivagurudevapaddhati Volume 2	MB
SA_MB_Isaanapaddhati-I-HK	anchor	36	688	1100.0	1175.0	1134	1087	1184	īśānaśivagurudeva: īśānaśivagurudevapaddhati Volume 1	MB
SA_MB_iisaanasivagurudevapaddhati4HK	anchor	90	720	1100.0	1175.0	1135	1086	1184	īśānaśivagurudeva: īśānaśivagurudevapaddhati Volume 4	MB
SA_T16_n1289u	anchor	32	745	1050.0	1200.0	1135	1075	1211	Tarkabhāṣāṭīkā	T16
SA_MB_iisaanagurudevapaddhati-III-HK	anchor	72	730	1100.0	1175.0	1136	1087	1184	īśānaśivagurudeva: īśānaśivagurudevapaddhati Volume 3	MB
SA_GK16_ruyalsvu	anchor	41	1103	1100.0	1175.0	1136	1088	1186	Alaṅkārasarvasva	GK16
SA_MB_yogavishayaHK	anchor	1	739	1000.0	1299.0	1138	972	1305	matsyendrānātha: yogaviṣaya	MB
SA_GK16_ruyalssu	anchor	10	1127	1100.0	1175.0	1138	1089	1187	Alaṅkārasarvasva	GK16
SA_GK16_ruyalscu	anchor	48	1126	1100.0	1175.0	1138	1088	1187	Alaṅkārasarvasva	GK16
SA_GS40_rasarnpu	anchor	28	1131	1000.0	1300.0	1140	967	1306	Rasārṇava: Paṭalas 1-12	GS40
SA_GK20_ruysahlu	anchor	1	485	1100.0	1199.0	1143	1084	1204	Sahṛdayalīlā	GK20
SA_GK21_suksaptu	anchor	29	763	1100.0	1199.0	1145	1087	1202	Śukasaptati	GK21
SA_MB_prayascittasamuccayaHK	anchor	31	551	1100.0	1200.0	1145	1089	1202	Unknown: prāyaścittasamuccaya	MB
SA_T02_n2910u	anchor	8	725	1100.0	1199.0	1146	1087	1206	Ādikarmapradīpa [Ādikarmapradīpa Bodhicaryāvatāraṭīkā]	T02
SA_GK19_bicauppu	anchor	1	590	1099.0	1199.0	1146	1086	1206	Caurapañcāśikā	GK19
SA_GK23_jonart_pu	anchor	27	1074	1100.0	1200.0	1147	1086	1207	Rājataraṅginī	GK23
SA_GR13_goramaru	anchor	2	771	1100.0	1200.0	1147	1089	1208	Āmaraughaśāsana	GR13
SA_MB_saradatilakaHK	anchor	319	931	1100.0	1200.0	1147	1087	1207	lakṣmaṇadeśikendra: śāradātilaka	MB
SA_GR13_jssivppu	anchor	1	902	1100.0	1200.0	1147	1089	1207	Jñānaśambhu: Śivapūjāstava	GR13
SA_GR13_kalhans_u	anchor	1	717	1135.0	1165.0	1148	1099	1196	Ardhanārīśvarastotra	GR13
SA_MB_siddhantarthasamuccayaHK	anchor	11	1151	1100.0	1200.0	1150	1091	1207	Unknown: siddhāntārthasamuccaya	MB
SA_GR14_dhyggs_u	inferred	12	940			1152	677	1639	Gauragovindārcanasmaraṇapaddhati	GR14
SA_MB_mahotsavavidhikramaHK	anchor	11	816	1132.0	1182.0	1156	1106	1204	aghoraśiva: mahotsavavidhikrama	MB
SA_MB_kriyaakramadyotikaaHK	anchor	71	1048	1132.0	1182.0	1156	1109	1205	aghorāśiva: krīyakramādyotikā	MB
SA_MB_mrgendravrttidiipikaHK	anchor	2	832	1132.0	1182.0	1156	1109	1203	aghoraśivācārya: mṛgendravṛttidīpikā	MB
SA_MB_sarvajnaanottaravrittiHK	anchor	2	1099	1132.0	1182.0	1156	1108	1207	aghoraśivācārya: sarvajñānottaravṛttiḥ	MB
SA_MB_matrkacakravivekaHK	inferred	32	1273			1159	706	1609	svatantrānandanatha: mātṛkācakraviveka	MB
SA_T02_Anupamarakṣita_Ṣaḍaṇgayoga-with-Guṇabharaṇī_Sferra_2000	anchor	34	653	1140.0	1190.0	1162	1111	1211		T02
SA_T02_khasrpsu	anchor	1	623	1140.0	1190.0	1163	1115	1212	Khasarpaṇasādhana	T02
SA_GK19_dhoypavu	anchor	4	750	1150.0	1200.0	1172	1123	1221	Pavanadūta	GK19
SA_MB_jnaanaratnaavaliiHK	anchor	119	701	1150.0	1200.0	1173	1122	1219	jñānaśiva: jñānaratnāvalī	MB
SA_MB_kularnavaHK	anchor	43	874	1000.0	1500.0	1173	919	1426	Unknown: kulārṇavatantra	MB
SA_MB_goraksagutikaHK	anchor	11	405	1100.0	1300.0	1178	1065	1297	gorakṣanātha: gorakṣaguṭikā	MB
SA_GR13_purekaku	anchor	1	-362	1100.0	1299.0	1179	1066	1295	Ekākṣarakośa	GR13
SA_T02_Dharmākaraśānti_Kālacakrabhagavatsādhanavidhi_Dhīḥ_1997	anchor	8	715	1100.0	1300.0	1180	1065	1294		T02
SA_MB_karanagamaHK	anchor	18	694	1100.0	1300.0	1183	1065	1300	Unknown: karaṇāgama	MB
SA_MB_laksmiitantramHK	anchor	101	848	1100.0	1300.0	1183	1069	1301	Unknown: lakṣmītantra	MB
SA_GSP30_mabhai	anchor	138	947	1100.0	1300.0	1183	1070	1300	Manthanabhairava Tantra	GSP30
SA_GP12_dbhp_dgu	anchor	11	704	1100.0	1400.0	1184	1010	1350	Devīgītā [Devībhāgavata-Purāṇa]	GP12
SA_MB_laksmiitantraHK	anchor	96	851	1100.0	1300.0	1184	1065	1300	Unknown: lakṣmītantra	MB
SA_GR13_karatopu	anchor	2	1076	1100.0	1299.0	1189	1070	1300	Karatoyāmāhātmya	GR13
SA_MB_akulaviiratantramHK	anchor	4	824	1100.0	1300.0	1189	1071	1308	matsyendrānātha: akulavīratantra	MB
SA_T01_n907u	anchor	1	821	1175.0	1225.0	1195	1145	1243	Vajravilāsinīstotra	T01
SA_T02_Vibhūticandra-Raviśrījñāna_Amṛtakaṇikoddyotanibandha_Lal_1994	anchor	58	711	1175.0	1225.0	1195	1146	1243		T02
SA_T07_n797u	anchor	16	648	1150.0	1270.0	1195	1124	1265	Subodhālaṅkāra	T07
SA_T02_Raviśrījñāna_Guṇabharaṇī-Ṣaḍaṅgayoga_Sferra_2000	anchor	33	680	1175.0	1225.0	1196	1147	1244		T02
SA_MB_TattvaratnaavaliiHK	anchor	8	366	1175.0	1225.0	1196	1150	1245	vimalaśiva: tattvaratnāvalī	MB
SA_GSP29_gangtciu	anchor	27	995	1150.0	1250.0	1197	1137	1255	Tattvacintāmaṇi	GSP29
SA_MB_hamsopanisadHK	anchor	3	697	1175.0	1225.0	1198	1150	1246	Unknown: haṃsopaniṣat	MB
SA_GS40_rascum_u	anchor	31	924	1100.0	1350.0	1202	1060	1339	Rasendracūḍāmaṇi	GS40
SA_GK21_soksvppu	anchor	44	1072	1100.0	1350.0	1204	1057	1343	Kathāsaritsāgara	GK21
SA_MB_makutaagamaHK	anchor	42	576	1100.0	1550.0	1206	973	1440	Unknown: makuṭāgama	MB
SA_GR13_gorst2pu	anchor	2	859	1100.0	1363.0	1209	1062	1359	Gorakṣaśataka	GR13
SA_MB_GoraksayogasastraHK	anchor	2	556	1100.0	1399.0	1220	1050	1392	gorakṣanātha attributed to: gorakṣayogaśāstram	MB
SA_MB_kriyakramadyotikavyakhyaHK	anchor	44	899	1157.0	1300.0	1221	1135	1304	kacchapeśvaraśivācārya: kriyakramadyotikavyākhyā	MB
SA_K10_kathinau	anchor	6	661	1200.0	1600.0	1230	1015	1448	Kaṭhināvadāna	K10
SA_K14_ahovk2_u	anchor	2	479	1200.0	1700.0	1235	982	1509	Ahorātravratakathā 2	K14
SA_GS41_phaladipika	anchor	30	624	1200.0	1599.0	1241	1026	1459	Phaladīpikā	GS41
SA_GK16_jaycndpu	anchor	6	919	1200.0	1290.0	1243	1188	1295	Candrāloka	GK16
SA_GR13_mabhedtu	anchor	12	884	1200.0	1299.0	1245	1187	1304	Mātṛkābhedatantra	GR13
SA_MB_Kulapradiipa-HK	anchor	23	810	1200.0	1299.0	1245	1186	1304	śivānandācārya: kulapradīpa	MB
SA_GSP33_madhanuu	anchor	39	1264	1199.0	1317.0	1254	1183	1322	Anuvyākhyāna	GSP33
SA_GS40_vrasrs_u	anchor	24	894	1200.0	1350.0	1265	1173	1350	Rasaratnasamuccaya	GS40
SA_GS40_vrasrscu	anchor	66	1117	1200.0	1350.0	1269	1180	1353	Rasaratnasamuccaya	GS40
SA_GS40_nitrrk_u	anchor	83	740	1200.0	1400.0	1272	1156	1389	Rasaratnākara	GS40
SA_GSP33_m_mbhtnu	anchor	110	1168	1238.0	1317.0	1274	1226	1324	Mahābhāratatātparyanirṇaya	GSP33
SA_GR14_mdhvkmou	anchor	5	595	1238.0	1317.0	1275	1226	1322	Kṛṣṇāmṛtamahārṇava	GR14
SA_GK16_visah	anchor	86	898	1200.0	1399.0	1281	1166	1393	Sāhityadarpaṇa (archive bad OCR)	GK16
SA_GS40_dhrasciu	anchor	21	1016	1200.0	1400.0	1282	1168	1397	Rasendracintāmaṇi	GS40
SA_GK16_visvsdpu	anchor	16	971	1200.0	1399.0	1285	1167	1398	Sāhityadarpaṇa	GK16
SA_GR13_uddamt_u	anchor	13	475	1250.0	1750.0	1288	1033	1548	Uḍḍāmareśvaratantra	GR13
SA_GK16_visa05cu	anchor	9	1184	1200.0	1399.0	1290	1176	1406	Sāhityadarpaṇa: Pariccheda 5	GK16
SA_GK16_visa10cu	anchor	87	1228	1200.0	1399.0	1290	1178	1409	Sāhityadarpaṇa: Pariccheda 10	GK16
SA_GK16_visa03cu	anchor	45	1181	1200.0	1399.0	1292	1178	1403	Sāhityadarpaṇa: Pariccheda 3	GK16
SA_MB_sidhaantasikhaamaniHK	anchor	92	1458	1100.0	1500.0	1292	1076	1499	śivayogiśivācārya: siddhāntaśikhāmaṇi	MB
SA_GK16_visa07cu	anchor	32	1238	1200.0	1399.0	1292	1175	1409	Sāhityadarpaṇa: Pariccheda 7	GK16
SA_GK16_visa08cu	anchor	5	1257	1200.0	1399.0	1292	1182	1404	Sāhityadarpaṇa: Pariccheda 8	GK16
SA_GK16_visa04cu	anchor	15	1239	1200.0	1399.0	1293	1181	1404	Sāhityadarpaṇa: Pariccheda 4	GK16
SA_GK16_visa02cu	anchor	15	1276	1200.0	1399.0	1293	1179	1406	Sāhityadarpaṇa: Pariccheda 2	GK16
SA_GK16_visa01cu	anchor	9	1232	1200.0	1399.0	1293	1180	1408	Sāhityadarpaṇa: Pariccheda 1	GK16
SA_GK16_visa06cu	anchor	46	1237	1200.0	1399.0	1294	1178	1407	Sāhityadarpaṇa: Pariccheda 6	GK16
SA_GK16_visa09cu	anchor	2	1332	1200.0	1399.0	1295	1177	1408	Sāhityadarpaṇa: Pariccheda 9	GK16
SA_GS39_jyopancu	anchor	7	935	1260.0	1340.0	1296	1247	1344	Pañcasāyaka	GS39
SA_GR14_brhms5cu	anchor	16	1235	1100.0	1500.0	1296	1080	1500	Brahma-Saṃhitā: Adhyāya 5	GR14
SA_GS40_anandk_u	anchor	133	960	1200.0	1499.0	1300	1135	1471	Ānandakanda	GS40
SA_GS40_rajnighu	anchor	68	890	1200.0	1700.0	1300	1050	1549	Rājanighaṇṭu [Nighaṇṭurāja, Abhidhānacūḍāmaṇi]	GS40
SA_MB_vijayottaratantraHK	anchor	15	737	1200.0	1600.0	1305	1097	1522	Unknown: vijayottaratantra	MB
SA_GK16_viprud_u	anchor	56	1068	1295.0	1323.0	1307	1257	1355	Pratāparudrīya [Pratāparudrayaśobhūṣaṇa]	GK16
SA_MB_mahanayaprakasa2HK	anchor	17	960	1200.0	1500.0	1309	1137	1477	śitikaṇṭha: mahānayaprakāśa	MB
SA_MB_pancaratraraksa1HK	anchor	39	1014	1290.0	1340.0	1313	1261	1360	vedāntadeśika: pāñcarātrarakṣā	MB
SA_GSP29_vnyps51u	anchor	3	1078	1268.0	1369.0	1314	1257	1376	Nyāyapariśuddhi: Adhyāya 5.1	GSP29
SA_GSP29_vnyps41u	anchor	2	1306	1268.0	1369.0	1315	1257	1375	Nyāyapariśuddhi: Adhyāya 4.1	GSP29
SA_GSP29_vnyps42u	anchor	3	1054	1268.0	1369.0	1315	1256	1375	Nyāyapariśuddhi: Adhyāya 4.2	GSP29
SA_GSP29_vnyps11u	anchor	4	1124	1268.0	1369.0	1315	1254	1377	Nyāyapariśuddhi: Adhyāya 1.1	GSP29
SA_GSP29_vnyps52u	anchor	2	1097	1268.0	1369.0	1316	1255	1376	Nyāyapariśuddhi: Adhyāya 5.2	GSP29
SA_GSP29_vnyps12u	anchor	4	1026	1268.0	1369.0	1316	1256	1376	Nyāyapariśuddhi: Adhyāya 1.2	GSP29
SA_GSP29_vnyps31u	anchor	6	1172	1268.0	1369.0	1316	1256	1375	Nyāyapariśuddhi: Adhyāya 3.1	GSP29
SA_GSP29_vnyps00u	anchor	2	1018	1269.0	1370.0	1316	1256	1375	Nyāyapariśuddhi: Bhūmikā	GSP29
SA_GK16_simhrs_u	anchor	71	1038	1300.0	1350.0	1322	1274	1371	Rasārṇavasudhākara	GK16
SA_GK16_simhrsku	anchor	20	1058	1300.0	1350.0	1323	1272	1372	Rasārṇavasudhākara	GK16
SA_GK19_lnksivsu	anchor	1	820	1290.0	1370.0	1326	1280	1375	Śivastuti	GK19
SA_MB_kamakalavilasaHK	anchor	17	550	1300.0	1375.0	1333	1283	1381	puṇyānanda: kāmakalāvilāsa	MB
SA_MB_kaamakalaavilaasaHK	anchor	7	1102	1300.0	1375.0	1334	1285	1383	puṇyānanda: kāmakalāvilāsa	MB
SA_GK16_visah1	anchor	72	1102	1300.0	1384.0	1339	1291	1390	Sāhityadarpaṇa	GK16
SA_MB_LallesvarivakyaniHK	anchor	5	732	1300.0	1400.0	1344	1284	1404	lalleśvarī: lalleśvarīvākyāni	MB
SA_MB_SATARATNASAMGRAHAM_hk	anchor	28	1139	1300.0	1399.0	1345	1287	1404	umāpatiśivācārya: śataratnasaṃgraha	MB
SA_MB_maharthamanjariHK	anchor	54	1155	1300.0	1400.0	1346	1287	1405	maheśvarānanda: mahārthamañjarī	MB
SA_K08_bsu062_u	anchor	84	761	1300.0	1500.0	1348	1232	1466	Guṇakāraṇḍavyūhasūtra	K08
SA_GSP33_nysu__1u	anchor	136	1354	1330.0	1388.0	1355	1307	1405	Nyāyasudhā: Adhyāya 1	GSP33
SA_GSP33_nysu__2u	anchor	177	1355	1330.0	1388.0	1355	1306	1405	Nyāyasudhā: Adhyāya 2	GSP33
SA_GSP33_nysu__3u	anchor	124	1359	1330.0	1388.0	1356	1307	1405	Nyāyasudhā: Adhyāya 3	GSP33
SA_GSP33_nysu__4u	anchor	35	1350	1330.0	1388.0	1356	1307	1404	Nyāyasudhā: Adhyāya 4, Pāda 1	GSP33
SA_T01_n867u	anchor	5	809	1300.0	1499.0	1358	1241	1473	Bhaktiśataka	T01
SA_GSP34_hathyopu	anchor	9	733	1300.0	1499.0	1358	1245	1476	Haṭhayogapradīpikā	GSP34
SA_GS39_minsmaru	anchor	5	816	1300.0	1450.0	1358	1269	1445	Smaradīpikā	GS39
SA_GSP31_samkhsuu	anchor	11	736	1300.0	1499.0	1363	1249	1476	Sāṃkhyasūtra	GSP31
SA_MB_stutikusumaanjaliHK	anchor	65	659	1300.0	1500.0	1365	1250	1486	jagaddhara bhaṭṭa: stutikusumāñjali	MB
SA_MB_kriyaasaara2HK	anchor	138	806	1300.0	1499.0	1369	1256	1483	nīlakaṇṭha: kriyāsāra volume 2	MB
SA_GSP33_jimuvi	anchor	125	989	1350.0	1400.0	1369	1320	1419	Jīvanmuktiviveka	GSP33
SA_GSP36_sadha	anchor	44	974	1370.0	1380.0	1371	1323	1421	Sarva-darśana-saṃgraha	GSP36
SA_MB_kriyasaraHK	anchor	55	840	1300.0	1499.0	1373	1261	1484	nīlakaṇṭha: kriyāsāra volume 1	MB
SA_GK16_vcamkc_u	anchor	32	1009	1350.0	1420.0	1382	1332	1429	Camatkāracandrikā	GK16
SA_MB_SriikarabhaashyacombinedHK	anchor	217	674	1350.0	1450.0	1391	1331	1449	śrīpati: śrīkarabhāsya	MB
SA_GR13_gorst1pu	anchor	2	397	1375.0	1425.0	1395	1347	1443	Gorakṣaśataka	GR13
SA_MB_brahmavidyaopanisatHK	anchor	6	901	1300.0	1600.0	1401	1234	1570	Unknown: brahmavidyopaniṣat	MB
SA_MB_darsanopanisatHK	anchor	7	931	1300.0	1800.0	1407	1161	1657	Unknown: darśanopaniṣat	MB
SA_MB_yogakundalyupanisatHK	anchor	6	1021	1300.0	1700.0	1419	1203	1629	Unknown: yogakuṇḍalyupaniṣat	MB
SA_MB_sarvollaasatantraHK	anchor	52	912	1400.0	1460.0	1425	1377	1472	sarvānanda: sarvollasatantra	MB
SA_T02_Vanaratna_Rahasyadīpikā_Rinpoche-Dvivedi_1990	anchor	55	652	1410.0	1465.0	1430	1381	1479		T02
SA_T01_Āditya_Vanaratnastotra_Szántó	anchor	1	677	1400.0	1500.0	1440	1382	1498		T01
SA_K14_ratnml_u	anchor	178	682	1425.0	1475.0	1440	1391	1490	Ratnamālāvadāna	K14
SA_GK19_uddkokpu	anchor	4	701	1400.0	1499.0	1441	1383	1500	Kokilasandeśa	GK19
SA_MB_kramadipikaHK	anchor	17	847	1400.0	1499.0	1442	1383	1498	śrīrasikamohana caṭṭopādhyāya: kramadīpikā	MB
SA_MB_sivasamhita-HK	anchor	13	880	1400.0	1500.0	1444	1387	1503	Unknown: śivasaṃhita	MB
SA_MB_hathayogapradiipikaaHK	anchor	51	1082	1400.0	1500.0	1444	1385	1503	svātmārāma: haṭhayogapradīpikā	MB
SA_GK22_valsubhu	anchor	34	781	1400.0	1699.0	1444	1279	1612	Subhāṣitāvalī	GK22
SA_GSP33_vesa	anchor	130	1314	1425.0	1475.0	1445	1396	1492	Vedāntasāra	GSP33
SA_K14_svabhupu	anchor	36	847	1400.0	1599.0	1446	1334	1564	Svayambhu Purāṇa	K14
SA_GR13_parakspu	anchor	9	668	1400.0	1600.0	1463	1345	1573	Paraśurāma-Kalpasūtra	GR13
SA_GS40_salrasmu	anchor	19	889	1425.0	1525.0	1467	1406	1524	Rasamañjarī	GS40
SA_GK19_ramodtpu	anchor	5	847	1400.0	1599.0	1468	1355	1583	Rāmodanta	GK19
SA_MB_brhannilatantram-HK	anchor	56	785	1400.0	1700.0	1469	1299	1636	Unknown: bṛhannīlatantra	MB
SA_T02_Rāghavabhaṭṭa_Śāradātilaka_Woodroffe_1933	anchor	124	573	1459.0	1509.0	1476	1426	1526		T02
SA_MB_varahopanisatHK	anchor	11	1126	1400.0	1600.0	1477	1361	1595	Unknown: vārāhopaniṣat	MB
SA_GS40_rassanku	anchor	7	877	1474.0	1510.0	1487	1437	1536	Rasasaṃketakalikā [Rasasaṅketakalikā]	GS40
SA_GSP29_vytrkt3u	anchor	75	1136	1480.0	1539.0	1505	1455	1553	Tarkatāṇḍava: Pariccheda 3	GSP29
SA_GSP29_vytrkt2u	anchor	74	1135	1480.0	1539.0	1505	1456	1555	Tarkatāṇḍava: Pariccheda 2	GSP29
SA_GSP29_vytrkt1u	anchor	112	1168	1480.0	1539.0	1505	1456	1554	Tarkatāṇḍava: Pariccheda 1	GSP29
SA_GR14_krdipc_u	anchor	61	806	1480.0	1540.0	1506	1457	1553	Kramadīpikā	GR14
SA_GR14_jnass01u	anchor	21	641	1500.0	1525.0	1507	1459	1556	Jñānāmṛtasāra-Saṃhitā [Nārada-Pañcarātra]	GR14
SA_GK19_padyavlu	anchor	21	908	1500.0	1560.0	1523	1473	1572	Padyāvalī	GK19
SA_MB_mantrakaumudiiHK	anchor	46	749	1500.0	1560.0	1524	1474	1570	devanātha thakkur: mantrakaumudii	MB
SA_GK19_ruphamdu	anchor	6	900	1500.0	1560.0	1524	1476	1573	Haṃsadūta	GK19
SA_GK16_ujjvni_u	anchor	52	941	1500.0	1560.0	1524	1476	1572	Ujjvalanīlamaṇi	GK16
SA_MB_cinmantramaliniHK	anchor	2	895	1500.0	1575.0	1534	1484	1583	prakāśānanda: cinmantramālinī	MB
SA_GR14_ruphbr_u	anchor	71	1236	1530.0	1555.0	1539	1491	1588	Haribhaktirasāmṛtasindhu	GR14
SA_MB_tararahasyaHK	anchor	22	895	1500.0	1600.0	1540	1483	1596	brahmānanda: tārārahasya	MB
SA_MB_saaktaanandataramginiiHK	anchor	52	804	1500.0	1600.0	1540	1481	1597	brahmānandagiri: śāktānandataraṅgiṇī	MB
SA_MB_vaarunapaddhatiHK	anchor	83	959	1500.0	1600.0	1541	1484	1603	varuṇaśivācārya: vāruṇapaddhati	MB
SA_GR14_hbhvil_u	anchor	120	980	1530.0	1560.0	1541	1491	1588	Haribhaktivilāsa 1–11	GR14
SA_GSD36_mvir_sau	anchor	99	695	1500.0	1699.0	1541	1428	1657	Vīramitrodaya: Samayaprakāśa	GSD36
SA_GK19_anvallcu	anchor	21	348	1500.0	1699.0	1542	1427	1657	Vallālacarita	GK19
SA_GR14_muktacau	anchor	27	867	1500.0	1600.0	1542	1482	1601	Muktācarita	GR14
SA_GR14_caitcanu	anchor	6	1127	1510.0	1580.0	1542	1492	1592	Caitanyacandrāmṛta	GR14
SA_MB_saivaparibhasaHK	anchor	40	1165	1500.0	1599.0	1543	1484	1601	śivāgrayogin: śaivasiddhāntaparibhāṣā	MB
SA_MB_Sritattvacintamani_1-5_HK	anchor	45	1053	1500.0	1600.0	1543	1483	1600	pūrṇānanda: tattvacintāmaṇi chapters 01 thru 05	MB
SA_MB_aasaucadiipikaaHK	anchor	16	1227	1500.0	1600.0	1543	1484	1601	vedajñāna: āśaucyadiipikaa	MB
SA_GR14_laghbh_u	anchor	24	1127	1500.0	1600.0	1544	1484	1602	Laghubhāgavatāmṛta	GR14
SA_GSP33_madhsiddhb_u	anchor	10	1301	1490.0	1632.0	1545	1461	1627	Siddhāntabindu	GSP33
SA_GK19_gp23-33u	anchor	43	574	1513.0	1598.0	1545	1496	1596	Gopālacampū: Pūrvacampū, 23-33	GK19
SA_GK19_gp01-11u	anchor	49	526	1513.0	1598.0	1546	1495	1595	Gopālacampū: Pūrvacampū, 1-11	GK19
SA_GK19_gp12-22u	anchor	46	560	1513.0	1598.0	1546	1495	1595	Gopālacampū: Pūrvacampū, 12-22	GK19
SA_GK16_rnatc__u	anchor	22	1045	1530.0	1580.0	1549	1501	1598	Nāṭakacandrikā	GK16
SA_MB_sivaarcanacandrikaaHK	anchor	38	913	1520.0	1593.0	1550	1502	1597	appayadīkṣita: śivārcanacandrikā	MB
SA_GK19_appvairu	anchor	2	615	1520.0	1593.0	1551	1501	1600	Vairāgyaśataka	GK19
SA_MB_yoginiitantramHK	anchor	82	659	1500.0	1700.0	1553	1440	1666	Unknown: yoginiitantra	MB
SA_GS40_bhavpr_u	anchor	9	508	1500.0	1699.0	1553	1441	1666	Bhāvaprakāśa	GS40
SA_GS40_yrasprpu	anchor	27	712	1500.0	1699.0	1555	1439	1669	Rasaprakāśasudhākara	GS40
SA_GR14_ss5_bhku	anchor	94	1197	1517.0	1608.0	1557	1504	1612	Ṣaṭsandarbha: 5. Bhaktisandarbha	GR14
SA_GR14_ss6_priu	anchor	94	1199	1517.0	1608.0	1558	1505	1612	Ṣaṭsandarbha: 6. Prītisandarbha	GR14
SA_GR14_jivrkadu	anchor	9	1200	1517.0	1608.0	1559	1504	1614	Rādhākṛṣṇārcanadīpikā	GR14
SA_GSP31_vijsamsu	anchor	10	1047	1500.0	1699.0	1559	1448	1678	Sāṅkhyasāra	GSP31
SA_MB_saktisamgama_tantra_tarakhandaHK	anchor	46	887	1500.0	1700.0	1560	1446	1675	Unknown: śaktisaṃgamatantra tārākhanda	MB
SA_MB_saktisa.mgamatantra_kalikhandaHK	anchor	37	772	1500.0	1700.0	1560	1443	1674	Unknown: śaktisaṃgamatantra kālīkhanda	MB
SA_MB_tantrarajatantraHK	anchor	214	956	1500.0	1700.0	1561	1451	1672	Unknown: tantrarājatantra	MB
SA_MB_KulavrttiHK	anchor	155	701	1550.0	1600.0	1567	1517	1616	pūrṇānanda: kulavṛtti	MB
SA_MB_satcakranirnayaHK	anchor	3	855	1525.0	1625.0	1567	1508	1628	Unknown: ṣaṭcakranirṇaya	MB
SA_MB_yogasarasamgrahaHK	anchor	34	875	1550.0	1600.0	1567	1521	1617	Unknown: yogasārasaṃgraha	MB
SA_MB_saivasiddhantaparibhasamanjariHK	anchor	24	834	1550.0	1600.0	1568	1520	1616	vedajñāna: śaivasiddhāntaparibhāṣāmañjarī	MB
SA_MB_diiksaadarsaHK	anchor	89	831	1550.0	1600.0	1568	1518	1616	vedajñāna: dīkṣādarśa	MB
SA_MB_LingadhaaranachandrikaHK	anchor	44	1195	1500.0	1699.0	1569	1457	1683	nandikeśvara: liṅgadhāraṇacandrikā	MB
SA_GSP29_antsdi_u	anchor	265	1192	1500.0	1699.0	1570	1454	1682	Tarkasaṃgraha	GSP29
SA_GK19_gu05-06u	anchor	9	541	1560.0	1598.0	1571	1523	1619	Gopālacampū: Uttaracampū, 5-6	GK19
SA_MB_Sritattvacintamani_11-15_HK	anchor	60	986	1577.0	1577.0	1571	1519	1620	pūrṇānanda: tattvacintāmaṇi chapters 11 thru 15	MB
SA_MB_Sritattvacintamanii_16-End_HK	anchor	76	929	1570.0	1585.0	1571	1522	1620	pūrṇānanda: tattvacintāmaṇi chapters 16 thru end	MB
SA_GR14_ss4_krsu	anchor	74	1215	1550.0	1600.0	1571	1523	1619	Ṣaṭsandarbha: 4. Kṛṣṇasandarbha	GR14
SA_GK19_gu01-03u	anchor	9	569	1560.0	1598.0	1571	1522	1621	Gopālacampū: Uttaracampū, 1-3	GK19
SA_GR14_ss3_paru	anchor	40	1266	1550.0	1600.0	1571	1524	1620	Ṣaṭsandarbha: 3. Paramātmasandarbha	GR14
SA_GR14_ss1_tatu	anchor	25	1191	1550.0	1600.0	1572	1523	1621	Ṣaṭsandarbha: 1. Tattvasandarbha	GR14
SA_GR14_ss2_bhgu	anchor	64	1219	1550.0	1600.0	1572	1523	1621	Ṣaṭsandarbha: 2. Bhāgavatasandarbha	GR14
SA_GK19_gu29___u	anchor	5	749	1560.0	1598.0	1572	1523	1621	Gopālacampū: Uttaracampū, 29	GK19
SA_GK19_jivskd_u	anchor	17	609	1570.0	1598.0	1575	1527	1622	Saṅkalpakalpadruma	GK19
SA_MB_ParaatrisikaavivrttiHK	anchor	4	868	1500.0	1800.0	1575	1404	1749	rājānakalakṣmirāma: parātriśikāvivṛti	MB
SA_GK19_ghatgu_u	anchor	9	885	1550.0	1620.0	1578	1530	1628	Gūḍhārthadīpikā	GK19
SA_MB_pauskarvrttiHK	anchor	93	1033	1550.0	1620.0	1579	1529	1626	jñānaprakāśācārya: pauṣkaravṛtti	MB
SA_MB_sivaagamaadimaahaatmyamHK	anchor	14	1100	1550.0	1620.0	1579	1532	1628	jñānaprakāśa - śālivāṭipuranivāsi: śivāgamādimāhātmya	MB
SA_GSP29_antarkpu	anchor	3	1564	1500.0	1699.0	1580	1463	1697	Tarkasaṃgraha	GSP29
SA_GSP31_tsc_bhau	anchor	7	1151	1550.0	1625.0	1582	1533	1630	Tattvayāthārthyadīpana	GSP31
SA_GK21_karaka	anchor	92	591	1595.0	1605.0	1589	1543	1638	Kathāratnākara	GK21
SA_MB_brhattantrasaaraHK	anchor	232	759	1575.0	1625.0	1592	1543	1640	kṛṣṇānanda āgamavāgiśa: brhattantrasāra	MB
SA_GR14_dhyrkk_u	anchor	4	1021	1550.0	1650.0	1595	1537	1654	Rādhākṛṣṇāṣṭakālīyalīlāsmaraṇakramapaddhati	GR14
SA_T02_n3011u	anchor	68	577	1600.0	1650.0	1615	1567	1663	Laghukaumudīvyākaraṇa	T02
SA_GS24_varlghku	anchor	72	429	1600.0	1660.0	1617	1568	1664	Laghusiddhāntakaumudī [Laghukaumudī]	GS24
SA_GSP29_nyapra	anchor	14	1046	1600.0	1650.0	1620	1570	1668	Nyāyaprakāśa	GSP29
SA_GK19_jagsudhu	anchor	1	703	1590.0	1665.0	1622	1573	1672	Sudhālaharī	GK19
SA_MB_Tararahasyavrtti2HK	anchor	33	766	1605.0	1655.0	1623	1576	1671	brahmānanda: tārārahasyavṛtti 2	MB
SA_GK19_nkalivpu	anchor	2	691	1600.0	1660.0	1623	1574	1673	Kaliviḍambana	GK19
SA_GR14_sadhdipu	anchor	61	1066	1600.0	1660.0	1625	1578	1673	Sādhanādīpikā	GR14
SA_GSP28_jsbh1-4u	anchor	35	1313	1600.0	1665.0	1626	1580	1676	Bhāṭṭadīpikā: Adhyāya 1, Adhikaraṇa 4	GSP28
SA_GSP28_jsbh2-3u	anchor	14	1229	1600.0	1665.0	1626	1576	1675	Bhāṭṭadīpikā: Adhyāya 2, Adhikaraṇa 3	GSP28
SA_GSP28_jsbh3-1u	anchor	16	1277	1600.0	1665.0	1626	1579	1677	Bhāṭṭadīpikā: Adhyāya 3, Adhikaraṇa 1	GSP28
SA_GSP28_jsbh1-2u	anchor	22	1278	1600.0	1665.0	1626	1576	1676	Bhāṭṭadīpikā: Adhyāya 1, Adhikaraṇa 2	GSP28
SA_GSP28_jsbh1-3u	anchor	19	1274	1600.0	1665.0	1627	1579	1676	Bhāṭṭadīpikā: Adhyāya 1, Adhikaraṇa 3	GSP28
SA_GSP28_jsbh2-4u	anchor	3	1200	1600.0	1665.0	1627	1579	1675	Bhāṭṭadīpikā: Adhyāya 2, Adhikaraṇa 4	GSP28
SA_GSP28_jsbh2-2u	anchor	22	1263	1600.0	1665.0	1627	1576	1674	Bhāṭṭadīpikā: Adhyāya 2, Adhikaraṇa 2	GSP28
SA_GSP28_jsbh3-2u	anchor	18	1301	1600.0	1665.0	1627	1579	1674	Bhāṭṭadīpikā: Adhyāya 3, Adhikaraṇa 2	GSP28
SA_GSP28_jsbh2-1u	anchor	16	1325	1600.0	1665.0	1627	1579	1675	Bhāṭṭadīpikā: Adhyāya 2, Adhikaraṇa 1	GSP28
SA_GSP28_jsbh1-1u	anchor	5	1326	1600.0	1665.0	1627	1579	1676	Bhāṭṭadīpikā: Adhyāya 1, Adhikaraṇa 1	GSP28
SA_GSP34_ghers_pu	anchor	16	831	1600.0	1700.0	1635	1577	1694	Gheraṇḍa-Saṃhitā	GSP34
SA_GK16_jgrasg1u	anchor	23	1191	1620.0	1665.0	1637	1589	1686	Rasagaṅgādhara	GK16
SA_MB_merutantraHK	anchor	312	644	1600.0	1800.0	1643	1529	1757	Unknown: merutantra	MB
SA_MB_devinamalavilasaHK	anchor	62	1164	1620.0	1680.0	1643	1595	1692	kaula sahiba: devīnāmavilāsa	MB
SA_GSP29_muva	anchor	1	1064	1600.0	1700.0	1644	1585	1703	Muktivāda	GSP29
SA_MB_srividyarnavatantramHK	anchor	281	838	1600.0	1726.0	1644	1569	1718	śrīvidyāraṇyayati: śrīvidyārṇavatantra	MB
SA_GSP35_sa_bhAskarakaNTha-mokSopAyaTIkA	anchor	274	708	1600.0	1799.0	1652	1538	1767	Mokṣopāyaṭīkā	GSP35
SA_GK19_japa	anchor	84	747	1650.0	1720.0	1675	1626	1724	Jānaki Pariṇaya	GK19
SA_MB_taaraabhaktisudhaarnavaHK	anchor	131	830	1675.0	1700.0	1678	1630	1729	narasiṃhaṭhakkura: tārābhaktisudhārṇava	MB
SA_MB_isvarapratyabhijnavimarsinivyakhyaHK	anchor	125	1101	1675.0	1700.0	1680	1631	1727	Unknown: īśvarapratyabhijñāvimarśinīvyākhyā	MB
SA_MB_TantracintamaniHK	anchor	185	694	1680.0	1714.0	1687	1639	1736	navamīsiṃha: tantracintāmaṇi	MB
SA_MB_kulamuktikalloliniHK	anchor	217	722	1680.0	1714.0	1688	1639	1738	navamīsiṃha: kulamuktikallolinī	MB
SA_GS24_paribhsu	anchor	22	1269	1700.0	1750.0	1716	1666	1766	Paribhāṣenduśekhara	GS24
SA_MB_MahaayaagakramaHK	anchor	18	1062	1700.0	1750.0	1717	1669	1766	bhaskararaya: mahāyāgakrama	MB
SA_MB_nityaasodasikaarnavaHK	anchor	115	1165	1690.0	1760.0	1718	1669	1766	Unknown: nityāṣoḍaśikārṇavatantra with the commentary called setubandha	MB
SA_MB_varivasyaarahasyaHK	anchor	24	1196	1700.0	1750.0	1718	1670	1765	bhaskarāya: varivasyārahasya	MB
SA_MB_gurustutiratnavaliHK	anchor	2	541	1700.0	1799.0	1739	1680	1798	govindakaula: gurustutiratnāvalī	MB
SA_GSP33_nabodhsu	anchor	30	1012	1725.0	1800.0	1753	1706	1802	Bodhasāra	GSP33
SA_MB_mahaanirvaanatantramHK	anchor	119	699	1740.0	1790.0	1755	1708	1802	Unknown: mahānirvānatantra	MB
SA_MB_purascaryaarnava-I-HK	anchor	75	904	1750.0	1800.0	1765	1717	1815	Unknown: puraścaryārṇava volume 1	MB
SA_MB_purascaryaarnava-3-HK	anchor	117	778	1770.0	1790.0	1770	1723	1819	Unknown: puraścaryārṇava volume 3	MB
SA_MB_purascaryaarnava-2-HK	anchor	91	751	1775.0	1800.0	1777	1730	1826	Unknown: puraścaryārṇava volume 2	MB
SA_MB_pranotisini_6_HK	anchor	114	825	1795.0	1845.0	1809	1760	1856	rāmatoṣaṇa compiler: prāṇatoṣiṇī part 6	MB
SA_MB_Pranatosini_4_KamyaKandaHK	anchor	61	784	1795.0	1845.0	1810	1760	1860	rāmatoṣaṇa compiler: prāṇatoṣiṇī kamyakāṇḍa	MB
SA_MB_Pranatosini_2_DharmaKandaHK	anchor	48	794	1795.0	1845.0	1810	1762	1861	rāmatoṣaṇa compiler: prāṇatoṣiṇī dharmakāṇḍa	MB
SA_MB_Pranatosini_5_BhaktiKandaHK	anchor	27	885	1795.0	1845.0	1810	1761	1857	rāmatoṣaṇa compiler: prāṇatoṣiṇī bhaktikāṇḍa	MB
SA_MB_Pranatosini_3_ArthaKandaHK	anchor	50	883	1795.0	1845.0	1810	1762	1859	rāmatoṣaṇa compiler: prāṇatoṣiṇī arthakāṇḍa	MB
SA_MB_Pranatosini_1_SargaKandaHK	anchor	50	1020	1795.0	1845.0	1811	1764	1859	rāmatoṣaṇa compiler: prāṇatoṣiṇī sargakāṇḍa	MB
SA_MB_sriitatvanidhiHK	anchor	112	760	1800.0	1860.0	1819	1771	1867	kṛṣṇarāja vodeyar: śrītattvanidhiḥ	MB
SA_GR14_kbss_1-u	anchor	30	1037	1820.0	1880.0	1842	1795	1890	Bhāvanāsārasaṃgraha	GR14
SA_MB_saaktapramodaHK	anchor	152	688	1865.0	1915.0	1878	1829	1926	devanandanasiṃha: śāktapramoda	MB
SA_GR14_harinc_u	anchor	25	819	1875.0	1925.0	1891	1843	1941	Harināmacintāmaṇi	GR14
SA_T16_n2875u	anchor	2	823	1900.0	1990.0	1936	1881	1989	Śvānastavakāvya	T16
